Fecha,Empleado,Producto,Cantidad,Precio Unitario
2018-01-01,Luis,Producto B,86.0,42.834022318701884
2018-01-02,Laura,Producto B,17.0,67.6868975288882
2018-01-03,Sofía,Producto A,68.0,51.95634320148013
2018-01-04,Carlos,Producto C,48.0,27.09425228118048
,,,,
2018-01-06,Elena,Producto A,25.0,60.08181736139398
2018-01-07,Pedro,Producto C,21.0,42.27594237582323
2018-01-08,Luis,Producto C,65.0,92.02052710707676
2018-01-09,Sofía,Producto B,63.0,11.884070604405995
2018-01-10,Carlos,Producto C,89.0,38.419583612454645
2018-01-11,Laura,Producto B,51.0,15.11932579998819
2018-01-12,Sofía,Producto B,36.0,78.98745845994645
2018-01-13,Sofía,Producto B,81.0,73.18967087024134
2018-01-14,Pedro,Producto C,88.0,39.82169968626853
2018-01-15,Ana,Producto A,66.0,70.80966119863658
2018-01-16,Carlos,Producto B,15.0,45.63435035763548
2018-01-17,María,Producto A,96.0,78.0628412280191
,,,,
2018-01-19,Ana,Producto C,70.0,47.1051755048499
2018-01-20,María,Producto A,1.0,94.12569239394709
2018-01-21,Carlos,Producto A,23.0,32.579118990163025
2018-01-22,Juan,Producto C,39.0,20.840260599690886
2018-01-23,Elena,Producto B,57.0,62.60888019335123
2018-01-24,Ana,Producto A,81.0,97.2389631055761
2018-01-25,Diego,Producto C,34.0,44.0055292354468
2018-01-26,Juan,Producto A,41.0,15.583308726590337
2018-01-27,Elena,Producto A,93.0,40.537474057861075
2018-01-28,Pedro,Producto B,73.0,55.53384888876026
2018-01-29,Luis,Producto A,13.0,24.573070596899235
2018-01-30,Laura,Producto C,70.0,69.22919962508428
2018-01-31,Diego,Producto A,6.0,99.79744501091805
2018-02-01,Pedro,Producto B,84.0,50.656552838329944
2018-02-02,Carlos,Producto B,52.0,41.92557010571914
,,,,
2018-02-04,Luis,Producto B,81.0,20.363156055568105
,,,,
2018-02-06,Diego,Producto B,49.0,47.33430899692168
2018-02-07,Luis,Producto C,76.0,44.85469702823572
2018-02-08,María,Producto B,47.0,69.37212456374269
,,,,
2018-02-10,Diego,Producto B,64.0,68.34101219270615
2018-02-11,María,Producto C,65.0,15.530166111770875
2018-02-12,Elena,Producto B,81.0,83.23510093500047
2018-02-13,Diego,Producto B,67.0,94.64535575914623
2018-02-14,Elena,Producto A,90.0,68.38888475434473
2018-02-15,Carlos,Producto C,15.0,95.91093359729297
2018-02-16,María,Producto B,32.0,23.628908293296696
2018-02-17,Laura,Producto C,96.0,52.96745705323183
2018-02-18,Luis,Producto B,68.0,64.16260605509025
2018-02-19,Sofía,Producto B,18.0,62.3562982679068
2018-02-20,Pedro,Producto B,83.0,46.131560118013894
2018-02-21,Juan,Producto A,43.0,40.427596842963524
2018-02-22,Laura,Producto A,35.0,21.414162029537692
2018-02-23,María,Producto A,78.0,45.256820550605035
2018-02-24,Sofía,Producto C,58.0,24.639473359493664
2018-02-25,Laura,Producto C,33.0,76.09291088429966
2018-02-26,María,Producto A,14.0,28.7947841945131
2018-02-27,Ana,Producto C,34.0,15.270877475608046
2018-02-28,Ana,Producto B,61.0,59.712952403551085
2018-03-01,Elena,Producto B,4.0,63.57067594474614
2018-03-02,Laura,Producto B,88.0,88.4721755152455
2018-03-03,Ana,Producto A,59.0,61.92834511759137
2018-03-04,María,Producto C,29.0,41.09327683511012
2018-03-05,Elena,Producto A,83.0,82.27106933736884
2018-03-06,María,Producto C,6.0,58.62510038686789
2018-03-07,Elena,Producto B,97.0,17.135225616807258
2018-03-08,Laura,Producto A,49.0,60.9265504281922
2018-03-09,Sofía,Producto C,40.0,91.72166908794962
2018-03-10,Luis,Producto C,83.0,45.66813629483985
2018-03-11,Diego,Producto B,65.0,36.66932217098201
2018-03-12,Sofía,Producto A,69.0,22.912251131621804
2018-03-13,Carlos,Producto A,27.0,23.63009697418216
2018-03-14,María,Producto A,80.0,48.949433590763704
2018-03-15,Carlos,Producto B,6.0,63.611184174537655
2018-03-16,Sofía,Producto A,13.0,17.25538646526416
2018-03-17,Elena,Producto B,64.0,94.56117301226492
2018-03-18,Diego,Producto B,62.0,77.96202557006764
2018-03-19,Diego,Producto B,99.0,62.79615264552964
2018-03-20,Juan,Producto C,19.0,84.55948038450917
2018-03-21,Diego,Producto A,76.0,17.216808113090195
2018-03-22,Luis,Producto A,80.0,52.915498995981196
2018-03-23,Diego,Producto B,43.0,66.7083814175497
2018-03-24,Sofía,Producto B,74.0,84.57876155064604
2018-03-25,Juan,Producto A,89.0,80.51226040443409
2018-03-26,Sofía,Producto B,20.0,34.936232474205966
2018-03-27,Sofía,Producto A,95.0,94.67921526032839
2018-03-28,Pedro,Producto C,68.0,21.19112572877833
2018-03-29,Juan,Producto B,44.0,88.76202567590369
2018-03-30,Sofía,Producto A,23.0,97.38462246441567
2018-03-31,Pedro,Producto B,2.0,25.9438170900363
2018-04-01,Pedro,Producto A,22.0,74.98594577834068
2018-04-02,Juan,Producto A,57.0,13.625696690019861
2018-04-03,Carlos,Producto B,72.0,46.488054262523946
2018-04-04,Elena,Producto C,7.0,56.46549692779066
2018-04-05,Luis,Producto A,78.0,62.25807033186707
2018-04-06,Elena,Producto A,56.0,94.23435234237036
2018-04-07,Diego,Producto A,67.0,70.50256185647751
,,,,
2018-04-09,Diego,Producto C,83.0,82.87075326393004
2018-04-10,Sofía,Producto B,51.0,95.5479538858968
2018-04-11,María,Producto C,82.0,11.985953381406176
2018-04-12,Juan,Producto B,80.0,98.42691450304348
2018-04-13,Luis,Producto B,72.0,17.751892515731228
2018-04-14,Luis,Producto C,97.0,83.29481013418852
2018-04-15,Sofía,Producto B,12.0,35.23012772962713
2018-04-16,Carlos,Producto C,53.0,21.896169197848458
2018-04-17,Pedro,Producto B,75.0,49.58700757424514
2018-04-18,Sofía,Producto C,5.0,67.95609215028522
2018-04-19,Ana,Producto C,27.0,44.28566605211275
2018-04-20,Pedro,Producto B,12.0,14.910886745442905
2018-04-21,Juan,Producto A,17.0,63.95150256928449
2018-04-22,Pedro,Producto B,6.0,91.21629484996072
2018-04-23,Carlos,Producto C,97.0,44.48938293525265
2018-04-24,Pedro,Producto A,5.0,29.469949986774434
2018-04-25,Juan,Producto B,57.0,49.831961133953385
2018-04-26,Carlos,Producto B,28.0,14.352643994390277
2018-04-27,Elena,Producto B,78.0,83.84388260322473
2018-04-28,Luis,Producto A,69.0,84.3706729855168
2018-04-29,Luis,Producto C,59.0,62.92004170866656
2018-04-30,Diego,Producto B,33.0,41.779260004455054
2018-05-01,Elena,Producto B,62.0,81.9805028001205
2018-05-02,Elena,Producto B,50.0,59.921832230953044
2018-05-03,Pedro,Producto B,19.0,84.33390776950147
2018-05-04,Luis,Producto B,86.0,66.83129133247186
2018-05-05,Juan,Producto C,69.0,80.59649258915175
2018-05-06,Laura,Producto C,66.0,63.8706693895984
2018-05-07,Laura,Producto B,94.0,47.27269613940996
2018-05-08,Carlos,Producto A,47.0,96.21512739335238
2018-05-09,Luis,Producto C,39.0,58.70024423909603
2018-05-10,Luis,Producto A,68.0,64.45805666864845
2018-05-11,Laura,Producto C,33.0,29.843887547327434
2018-05-12,Luis,Producto B,13.0,66.30857104845488
2018-05-13,Pedro,Producto C,84.0,61.44468845346495
2018-05-14,Ana,Producto B,54.0,26.635455815232245
2018-05-15,María,Producto C,7.0,15.362838761782935
,,,,
2018-05-17,Diego,Producto B,87.0,78.73230424152885
2018-05-18,Carlos,Producto B,14.0,57.10612338298074
2018-05-19,Ana,Producto B,87.0,30.409536278768112
2018-05-20,Laura,Producto A,19.0,69.98697790237314
2018-05-21,Elena,Producto B,54.0,17.2095153948642
2018-05-22,Luis,Producto A,93.0,49.76503343217591
2018-05-23,Diego,Producto A,20.0,24.703008255857817
2018-05-24,Luis,Producto B,29.0,26.601314595389503
2018-05-25,Juan,Producto A,24.0,28.206455424238328
2018-05-26,Juan,Producto C,82.0,44.80363513395801
2018-05-27,Diego,Producto B,63.0,14.603518505835787
2018-05-28,Diego,Producto A,74.0,45.801409683618836
2018-05-29,Laura,Producto B,57.0,56.05367024032308
2018-05-30,Diego,Producto B,8.0,53.49648564696927
2018-05-31,Pedro,Producto B,90.0,44.45056903627365
2018-06-01,Luis,Producto A,62.0,85.52319472636772
,,,,
2018-06-03,Sofía,Producto C,74.0,55.51270694032366
2018-06-04,Diego,Producto A,17.0,15.583727526089888
2018-06-05,Carlos,Producto B,66.0,16.404011099011875
2018-06-06,Juan,Producto A,6.0,61.64792647093867
2018-06-07,Pedro,Producto A,58.0,60.94165823990389
2018-06-08,Elena,Producto A,69.0,89.02301615600112
2018-06-09,Sofía,Producto B,28.0,60.208630809406586
2018-06-10,Ana,Producto A,62.0,96.38119183643651
2018-06-11,Sofía,Producto B,41.0,14.382536355993679
2018-06-12,Diego,Producto A,69.0,18.820691630266694
2018-06-13,Laura,Producto C,82.0,13.965927541334326
2018-06-14,Juan,Producto A,90.0,26.674916530018603
2018-06-15,Juan,Producto A,84.0,58.714309984751026
2018-06-16,Elena,Producto C,41.0,68.10149632846853
2018-06-17,Laura,Producto B,49.0,14.10266421538019
2018-06-18,Luis,Producto B,91.0,95.13738008610393
2018-06-19,María,Producto A,49.0,85.7948838985343
2018-06-20,Pedro,Producto C,76.0,36.69512339413838
2018-06-21,Juan,Producto B,71.0,16.946877720382115
2018-06-22,Carlos,Producto A,3.0,25.289836589715154
2018-06-23,Juan,Producto C,10.0,21.42499723794754
2018-06-24,Sofía,Producto B,98.0,21.095540136905214
2018-06-25,Juan,Producto B,89.0,56.670551979916056
2018-06-26,Juan,Producto C,35.0,32.12626982440602
2018-06-27,María,Producto C,80.0,42.232574487623
2018-06-28,María,Producto C,2.0,99.05548000458901
2018-06-29,Ana,Producto C,24.0,71.58828240328103
2018-06-30,Luis,Producto A,74.0,95.40826003423012
2018-07-01,Carlos,Producto C,38.0,22.8300899529804
2018-07-02,Juan,Producto B,22.0,44.392552734931236
2018-07-03,Juan,Producto B,26.0,59.92586229541188
2018-07-04,Pedro,Producto A,43.0,16.90822556998642
2018-07-05,María,Producto B,55.0,10.376869926516207
2018-07-06,Carlos,Producto B,39.0,70.33909004172259
2018-07-07,Elena,Producto C,91.0,67.76375651212918
2018-07-08,Ana,Producto B,29.0,46.97099289996506
,,,,
2018-07-10,Laura,Producto C,91.0,47.389870053288064
2018-07-11,Luis,Producto C,41.0,12.160454036039997
2018-07-12,Sofía,Producto A,54.0,40.18344455957162
2018-07-13,Juan,Producto C,20.0,25.937402985756087
2018-07-14,Ana,Producto C,19.0,18.858177019123186
2018-07-15,Sofía,Producto A,84.0,96.10483905004148
,,,,
2018-07-17,Laura,Producto A,66.0,75.57906558129424
2018-07-18,María,Producto A,30.0,38.38273689395058
,,,,
2018-07-20,Ana,Producto B,34.0,31.323159450705113
2018-07-21,Juan,Producto C,22.0,18.72691038688823
2018-07-22,Diego,Producto C,67.0,26.112847369742543
2018-07-23,Ana,Producto A,6.0,81.77626407668373
2018-07-24,Pedro,Producto C,79.0,70.97912246653982
2018-07-25,Laura,Producto A,27.0,59.22359883869292
2018-07-26,Laura,Producto A,10.0,52.75808855800913
2018-07-27,Pedro,Producto C,73.0,93.0190855290512
2018-07-28,Elena,Producto A,97.0,16.546145300080155
2018-07-29,Pedro,Producto B,96.0,35.25407319141244
2018-07-30,Pedro,Producto C,48.0,41.494406821364265
2018-07-31,Laura,Producto B,70.0,80.41832309915091
2018-08-01,Luis,Producto C,59.0,99.32631581457743
2018-08-02,Laura,Producto A,59.0,31.660346328143774
2018-08-03,Diego,Producto C,2.0,88.68766007233725
2018-08-04,Juan,Producto B,29.0,84.75604843886121
2018-08-05,Sofía,Producto A,68.0,30.219165787758996
2018-08-06,Luis,Producto C,65.0,45.93993221793003
2018-08-07,María,Producto C,83.0,46.87055823632672
2018-08-08,Sofía,Producto C,26.0,98.03986016739024
2018-08-09,Juan,Producto B,89.0,26.28027112410085
2018-08-10,Diego,Producto B,10.0,81.92421739943039
2018-08-11,Diego,Producto C,53.0,40.07734427557989
2018-08-12,María,Producto A,79.0,75.77833111985443
2018-08-13,Luis,Producto A,59.0,47.800990386609655
2018-08-14,Elena,Producto B,22.0,62.0523786804886
2018-08-15,Pedro,Producto A,51.0,84.9350595993518
2018-08-16,Luis,Producto B,48.0,82.37490084854957
2018-08-17,Elena,Producto C,21.0,87.97808651857301
2018-08-18,Diego,Producto B,22.0,15.365559281019312
2018-08-19,Laura,Producto B,98.0,72.28454977357703
2018-08-20,Juan,Producto C,30.0,22.59886390495866
2018-08-21,María,Producto A,25.0,47.42367112165699
2018-08-22,Juan,Producto B,28.0,59.372957354921965
2018-08-23,Carlos,Producto B,65.0,46.246553627214766
2018-08-24,Carlos,Producto C,45.0,56.76505082227067
2018-08-25,Luis,Producto A,68.0,99.68736779187573
2018-08-26,Diego,Producto B,7.0,22.169558234156924
2018-08-27,Diego,Producto C,49.0,70.7910440802783
2018-08-28,Pedro,Producto B,9.0,45.64008697470537
2018-08-29,Pedro,Producto C,36.0,21.970881901659588
2018-08-30,Pedro,Producto A,83.0,24.286308703687858
,,,,
2018-09-01,Sofía,Producto A,10.0,89.16413470405858
2018-09-02,Ana,Producto A,36.0,91.63377643735197
2018-09-03,Sofía,Producto B,73.0,99.23794982446479
2018-09-04,Juan,Producto B,46.0,28.748385100766615
2018-09-05,Sofía,Producto A,32.0,41.98954036276555
2018-09-06,Laura,Producto A,32.0,70.22971269323801
2018-09-07,Juan,Producto A,6.0,53.542228587458254
2018-09-08,Sofía,Producto B,48.0,47.65505800405002
2018-09-09,Laura,Producto A,38.0,42.20301244020337
2018-09-10,Ana,Producto A,17.0,63.4402568749107
2018-09-11,Sofía,Producto A,74.0,61.80340857760738
2018-09-12,Laura,Producto C,27.0,24.531205065781606
,,,,
2018-09-14,Diego,Producto C,50.0,59.81245985888649
2018-09-15,Pedro,Producto C,35.0,61.325824485825144
2018-09-16,Diego,Producto A,85.0,28.909647362111663
2018-09-17,María,Producto C,25.0,76.80442530270581
2018-09-18,María,Producto A,28.0,12.267918533896268
2018-09-19,María,Producto B,15.0,41.934866998884644
,,,,
2018-09-21,Pedro,Producto B,93.0,60.75036289498621
2018-09-22,Diego,Producto B,73.0,33.504618925977425
2018-09-23,Laura,Producto C,27.0,72.54578074087429
2018-09-24,Juan,Producto A,26.0,61.0651849740466
2018-09-25,Laura,Producto A,19.0,81.66192485107484
2018-09-26,Juan,Producto A,92.0,76.1522667570841
2018-09-27,Carlos,Producto B,17.0,64.90971298326112
2018-09-28,Laura,Producto B,43.0,53.93599077797326
2018-09-29,Sofía,Producto A,41.0,21.986391310077106
2018-09-30,Sofía,Producto B,42.0,33.51997160968454
2018-10-01,Luis,Producto A,50.0,47.71895256253767
2018-10-02,Pedro,Producto A,84.0,63.93693583057498
2018-10-03,Juan,Producto A,40.0,56.23370696937744
2018-10-04,Juan,Producto A,39.0,35.93660733635765
2018-10-05,Pedro,Producto A,23.0,10.581792201073949
2018-10-06,Ana,Producto A,96.0,54.66152997107326
2018-10-07,Luis,Producto A,52.0,35.70633897060188
2018-10-08,Ana,Producto B,47.0,76.11474706394816
2018-10-09,Ana,Producto A,63.0,12.155163874343515
2018-10-10,Ana,Producto A,97.0,62.634503017521176
2018-10-11,Pedro,Producto B,69.0,94.73268137554588
2018-10-12,Ana,Producto B,43.0,25.696834040034958
2018-10-13,Sofía,Producto B,48.0,52.448454167553585
2018-10-14,María,Producto A,34.0,18.227979263542437
2018-10-15,Carlos,Producto C,40.0,66.31137210352173
2018-10-16,Juan,Producto C,75.0,59.547851253660305
2018-10-17,Juan,Producto B,61.0,46.66289717915491
2018-10-18,Carlos,Producto C,50.0,56.923931932636705
2018-10-19,Pedro,Producto B,67.0,90.69171926221091
2018-10-20,Laura,Producto A,62.0,27.666487207996035
2018-10-21,Pedro,Producto C,58.0,12.030806053481252
2018-10-22,Juan,Producto A,33.0,87.54983962291908
2018-10-23,Juan,Producto C,75.0,61.94053741491158
2018-10-24,Carlos,Producto A,16.0,90.15926099156582
2018-10-25,Ana,Producto C,82.0,63.72507010718553
2018-10-26,Pedro,Producto A,94.0,82.91449809637322
2018-10-27,Diego,Producto A,48.0,48.67060270196332
2018-10-28,Carlos,Producto C,10.0,77.48739381594419
2018-10-29,Sofía,Producto A,82.0,92.17373202008704
2018-10-30,Juan,Producto A,38.0,61.49106673499857
2018-10-31,Carlos,Producto A,19.0,26.27066355061416
2018-11-01,Pedro,Producto C,36.0,34.19178535271784
2018-11-02,Juan,Producto C,59.0,27.87801192076652
2018-11-03,Laura,Producto A,63.0,32.21713248361596
2018-11-04,Carlos,Producto A,77.0,37.57739044159327
2018-11-05,Luis,Producto C,46.0,59.96204080778696
2018-11-06,Juan,Producto C,3.0,62.91924665174495
2018-11-07,Pedro,Producto A,74.0,48.3849772517675
2018-11-08,María,Producto A,65.0,65.38787018387518
2018-11-09,Diego,Producto A,91.0,17.341743305022934
2018-11-10,Elena,Producto B,8.0,17.900941335234396
2018-11-11,Ana,Producto C,51.0,25.46465143218926
2018-11-12,Elena,Producto B,81.0,56.62697482363103
2018-11-13,Pedro,Producto C,73.0,29.25952108284822
2018-11-14,Sofía,Producto C,6.0,35.49559631433196
2018-11-15,Sofía,Producto C,89.0,46.028155255569466
2018-11-16,María,Producto C,39.0,83.06795116093419
2018-11-17,Ana,Producto C,60.0,11.24759223215741
2018-11-18,Luis,Producto C,28.0,68.44409382129601
2018-11-19,María,Producto C,97.0,70.19888779366168
2018-11-20,Elena,Producto B,54.0,81.87902023209729
2018-11-21,María,Producto A,37.0,93.94776451542819
2018-11-22,Elena,Producto A,9.0,11.812406405436084
2018-11-23,Juan,Producto B,82.0,23.840533496189458
2018-11-24,Sofía,Producto B,56.0,89.75541646503937
2018-11-25,Juan,Producto B,59.0,51.26667059683138
2018-11-26,Diego,Producto B,85.0,60.81315750401171
2018-11-27,Ana,Producto C,2.0,69.67244833508326
2018-11-28,Luis,Producto A,61.0,71.11599440460736
2018-11-29,Elena,Producto C,58.0,93.85663629848574
2018-11-30,Luis,Producto A,60.0,99.72544756705027
2018-12-01,Elena,Producto A,40.0,74.81417148378462
2018-12-02,Pedro,Producto B,36.0,35.84990882846357
2018-12-03,María,Producto C,37.0,89.17771620649093
2018-12-04,Diego,Producto B,79.0,14.429882308668544
2018-12-05,Sofía,Producto C,92.0,30.79727675870466
2018-12-06,Elena,Producto A,18.0,90.76471457173434
2018-12-07,Luis,Producto B,98.0,33.05723629954194
2018-12-08,Diego,Producto B,63.0,29.858595365957363
2018-12-09,Laura,Producto A,22.0,22.43127638262225
2018-12-10,Laura,Producto A,11.0,87.32005818822249
2018-12-11,Juan,Producto A,58.0,55.0052433271978
2018-12-12,Sofía,Producto B,57.0,70.74038827487394
2018-12-13,Pedro,Producto C,77.0,31.51597456675267
2018-12-14,Luis,Producto B,4.0,78.22363789100949
2018-12-15,María,Producto C,86.0,78.40049904658886
2018-12-16,María,Producto B,7.0,38.13382224174701
2018-12-17,Luis,Producto B,61.0,46.961436970925455
2018-12-18,Ana,Producto A,54.0,28.872124968718076
2018-12-19,Pedro,Producto C,88.0,97.89049209906139
2018-12-20,Diego,Producto B,68.0,68.10423193525705
2018-12-21,Elena,Producto B,92.0,94.1089492643964
2018-12-22,Ana,Producto A,79.0,37.30469892662198
2018-12-23,Elena,Producto A,1.0,80.37018216972008
2018-12-24,Elena,Producto C,55.0,78.92727794962678
2018-12-25,Ana,Producto B,3.0,72.24900866798873
2018-12-26,Juan,Producto C,78.0,96.90750777401203
2018-12-27,Laura,Producto B,38.0,45.4199802495684
2018-12-28,Elena,Producto C,1.0,21.764559123078158
2018-12-29,Ana,Producto A,38.0,70.45379733196546
2018-12-30,Ana,Producto B,85.0,75.63788204294856
2018-12-31,Carlos,Producto C,29.0,61.75545161129332
2019-01-01,Juan,Producto A,5.0,28.613610382005664
2019-01-02,Sofía,Producto A,74.0,55.40103475024198
2019-01-03,Carlos,Producto C,92.0,38.09707629122165
2019-01-04,Carlos,Producto B,21.0,48.471987535002015
,,,,
2019-01-06,Laura,Producto A,67.0,77.06932684217512
,,,,
2019-01-08,Laura,Producto B,84.0,46.4792824582258
2019-01-09,Pedro,Producto B,83.0,34.224541389246625
2019-01-10,Luis,Producto A,35.0,27.87684524756822
2019-01-11,Sofía,Producto C,68.0,80.50484979962546
2019-01-12,Laura,Producto B,69.0,91.83274249932931
2019-01-13,María,Producto A,1.0,43.32089671161191
2019-01-14,Elena,Producto A,68.0,77.61510319363902
2019-01-15,Pedro,Producto C,12.0,90.72957604279699
2019-01-16,Juan,Producto B,60.0,86.15117894772084
2019-01-17,Sofía,Producto B,27.0,26.453204968530333
2019-01-18,Pedro,Producto C,56.0,96.06626933620252
2019-01-19,Elena,Producto C,23.0,43.900879638651624
2019-01-20,Luis,Producto A,25.0,40.531659505645266
2019-01-21,Elena,Producto A,21.0,15.61881945500023
2019-01-22,Carlos,Producto C,61.0,53.75562886943947
2019-01-23,Elena,Producto B,63.0,19.811225407683583
2019-01-24,Carlos,Producto A,52.0,32.36858388346834
2019-01-25,Luis,Producto A,88.0,38.52483595905532
2019-01-26,Diego,Producto B,25.0,82.79436911425157
2019-01-27,Carlos,Producto A,55.0,88.79397853563069
2019-01-28,Juan,Producto B,46.0,37.22196857153227
2019-01-29,Elena,Producto B,32.0,87.28283091201165
2019-01-30,Elena,Producto B,55.0,87.15078436328119
2019-01-31,Juan,Producto C,96.0,78.81858553463861
2019-02-01,María,Producto C,5.0,23.202560261366337
2019-02-02,Ana,Producto C,36.0,72.12905622106561
2019-02-03,Diego,Producto B,49.0,95.05216581225119
2019-02-04,Sofía,Producto B,58.0,71.42864308904413
2019-02-05,Carlos,Producto C,39.0,39.845516419705056
2019-02-06,Juan,Producto A,80.0,55.052138568774815
2019-02-07,Luis,Producto B,97.0,68.11525390159483
2019-02-08,Carlos,Producto A,85.0,55.951336785565324
2019-02-09,Ana,Producto A,61.0,20.795764755787282
2019-02-10,Luis,Producto B,9.0,38.08576401868186
2019-02-11,Pedro,Producto B,6.0,82.21564274982693
2019-02-12,Elena,Producto A,35.0,87.52762414859657
2019-02-13,Pedro,Producto A,39.0,22.357002944401323
2019-02-14,Carlos,Producto C,22.0,95.71480771588521
2019-02-15,Ana,Producto C,41.0,39.59403560637484
2019-02-16,Diego,Producto B,5.0,69.60823648576479
2019-02-17,Carlos,Producto C,42.0,77.6642631361013
,,,,
2019-02-19,Laura,Producto C,81.0,95.1174732003337
2019-02-20,Carlos,Producto C,76.0,38.162759322594034
2019-02-21,Elena,Producto A,87.0,87.26558090963991
2019-02-22,Elena,Producto B,80.0,21.851821309258632
2019-02-23,Carlos,Producto C,67.0,73.45368157182335
2019-02-24,Luis,Producto A,30.0,76.77799565625872
2019-02-25,Laura,Producto A,57.0,70.99509170811885
2019-02-26,Juan,Producto A,86.0,32.70832625216377
,,,,
2019-02-28,Luis,Producto C,29.0,25.19726170333555
2019-03-01,Elena,Producto B,37.0,14.827131236874775
2019-03-02,Elena,Producto C,87.0,74.5718491550721
2019-03-03,Ana,Producto C,13.0,52.79281437094603
2019-03-04,Carlos,Producto A,32.0,86.41882179628085
2019-03-05,Laura,Producto B,46.0,44.505742695243306
,,,,
2019-03-07,Laura,Producto C,45.0,85.27979732228827
2019-03-08,Elena,Producto A,17.0,59.40186684760645
2019-03-09,Elena,Producto A,85.0,27.027621315131938
2019-03-10,Pedro,Producto C,66.0,74.83455987278012
2019-03-11,Elena,Producto B,6.0,56.00022746405505
2019-03-12,Juan,Producto B,18.0,64.38816840162877
2019-03-13,Sofía,Producto A,94.0,51.48085043859237
2019-03-14,Carlos,Producto A,22.0,84.58380854362058
2019-03-15,Laura,Producto C,33.0,84.6606444114745
2019-03-16,Sofía,Producto A,30.0,73.84499396419477
2019-03-17,Luis,Producto C,81.0,19.486123965681607
2019-03-18,María,Producto B,32.0,85.4968475713662
2019-03-19,Juan,Producto B,42.0,70.39116824796189
2019-03-20,Laura,Producto C,78.0,72.73217494038695
2019-03-21,Sofía,Producto A,10.0,42.66845563634845
2019-03-22,María,Producto B,36.0,89.13516005413061
2019-03-23,Pedro,Producto A,34.0,75.28344402113717
2019-03-24,Juan,Producto B,73.0,20.133141987627504
2019-03-25,Juan,Producto C,28.0,46.70002309655464
2019-03-26,Pedro,Producto C,11.0,89.77423257641276
2019-03-27,Carlos,Producto C,78.0,14.24770315276411
2019-03-28,Pedro,Producto B,39.0,96.52749576778446
2019-03-29,Juan,Producto A,47.0,71.12463114876064
2019-03-30,Juan,Producto A,19.0,66.82383798790389
2019-03-31,Sofía,Producto A,15.0,34.350333083919224
2019-04-01,Elena,Producto B,28.0,32.391260986525936
2019-04-02,María,Producto B,24.0,94.7852397539736
2019-04-03,Pedro,Producto B,72.0,36.84452088107105
2019-04-04,María,Producto B,9.0,79.79547670470994
2019-04-05,Pedro,Producto B,47.0,45.38096183863713
2019-04-06,Luis,Producto A,33.0,22.53286637062336
2019-04-07,Juan,Producto B,62.0,10.964376792582305
2019-04-08,Elena,Producto B,97.0,58.983160331372574
2019-04-09,Sofía,Producto A,19.0,97.82009366940395
,,,,
2019-04-11,Elena,Producto A,74.0,42.147310059374036
2019-04-12,Elena,Producto A,40.0,40.968245606449784
2019-04-13,María,Producto C,47.0,56.84894535743726
2019-04-14,Pedro,Producto C,65.0,49.65983950818642
2019-04-15,Diego,Producto C,29.0,89.1923164054313
2019-04-16,Luis,Producto C,50.0,55.49687125511413
2019-04-17,Laura,Producto B,98.0,55.69820543697119
2019-04-18,Elena,Producto C,13.0,22.453443524850094
2019-04-19,Carlos,Producto A,1.0,98.44655868193473
2019-04-20,María,Producto B,34.0,32.497560178194675
2019-04-21,Sofía,Producto C,93.0,16.60276607136424
2019-04-22,Laura,Producto A,48.0,69.68316240776879
2019-04-23,Diego,Producto B,77.0,63.58297331411854
2019-04-24,Carlos,Producto B,48.0,47.363108859347115
2019-04-25,Diego,Producto C,49.0,47.997301049261026
2019-04-26,Laura,Producto B,64.0,80.6557528941788
2019-04-27,Elena,Producto A,61.0,27.614137608968417
2019-04-28,Carlos,Producto B,29.0,83.82279870504007
2019-04-29,Diego,Producto A,39.0,68.38724025055163
2019-04-30,Sofía,Producto B,88.0,47.707279640157196
2019-05-01,Pedro,Producto C,26.0,51.222575492548174
2019-05-02,Juan,Producto A,17.0,33.09824864674862
2019-05-03,Pedro,Producto B,71.0,77.69028994272773
2019-05-04,Laura,Producto B,13.0,56.158726807474096
2019-05-05,María,Producto B,69.0,38.87690884748592
2019-05-06,Juan,Producto A,26.0,63.644510418485524
2019-05-07,Luis,Producto A,49.0,99.61610068461907
2019-05-08,Sofía,Producto A,67.0,49.173605169089846
2019-05-09,Luis,Producto C,7.0,92.86222607007576
2019-05-10,Carlos,Producto C,58.0,41.05151559321095
2019-05-11,Juan,Producto A,49.0,14.92594362324873
2019-05-12,Luis,Producto B,53.0,28.3817895731586
2019-05-13,Luis,Producto C,65.0,47.68256289949158
2019-05-14,Diego,Producto A,62.0,29.767143573511213
2019-05-15,Pedro,Producto B,17.0,10.020433439642998
2019-05-16,Diego,Producto C,43.0,92.35013839727745
2019-05-17,Juan,Producto B,25.0,85.9491470107836
2019-05-18,Juan,Producto B,3.0,76.80630083382525
2019-05-19,Laura,Producto B,79.0,25.103313608142578
2019-05-20,Diego,Producto B,29.0,20.832721858898744
,,,,
2019-05-22,Pedro,Producto C,26.0,75.16262698956291
2019-05-23,Juan,Producto C,16.0,93.59271646190967
2019-05-24,Laura,Producto A,25.0,48.74822388217333
2019-05-25,Diego,Producto C,54.0,20.722660479644333
2019-05-26,Pedro,Producto B,28.0,56.11535386588959
2019-05-27,Diego,Producto C,73.0,41.39487167127671
2019-05-28,Luis,Producto B,56.0,43.73424319149979
2019-05-29,Laura,Producto A,65.0,65.91975617401366
2019-05-30,Pedro,Producto B,93.0,74.68463019359821
2019-05-31,Elena,Producto B,86.0,19.954323898584477
2019-06-01,Carlos,Producto B,80.0,13.203120772582874
2019-06-02,Carlos,Producto A,41.0,99.48972724171433
2019-06-03,Pedro,Producto C,51.0,30.945551402399666
2019-06-04,Diego,Producto C,71.0,14.844747241761317
2019-06-05,Laura,Producto A,78.0,27.0887796186328
2019-06-06,Carlos,Producto B,29.0,13.506206171361779
2019-06-07,Laura,Producto C,83.0,45.26298051554545
2019-06-08,Carlos,Producto A,19.0,82.21616060061919
2019-06-09,Luis,Producto C,66.0,40.71200047819485
2019-06-10,Diego,Producto A,41.0,49.97650661905299
2019-06-11,Luis,Producto B,45.0,70.80280962106949
2019-06-12,Carlos,Producto C,15.0,55.800466306289216
,,,,
2019-06-14,Elena,Producto C,11.0,87.94321075411808
2019-06-15,Luis,Producto C,53.0,10.891962594203829
2019-06-16,Elena,Producto C,46.0,80.02416758348792
2019-06-17,Carlos,Producto C,30.0,51.46602402175065
2019-06-18,Pedro,Producto A,57.0,98.99564871732967
2019-06-19,Luis,Producto B,18.0,53.490886828789165
2019-06-20,María,Producto A,51.0,98.82063508494677
2019-06-21,Diego,Producto A,48.0,77.9112425085163
2019-06-22,Elena,Producto A,66.0,32.37443961519757
2019-06-23,Elena,Producto B,96.0,58.45554813582619
2019-06-24,Juan,Producto C,8.0,99.29220755307244
,,,,
2019-06-26,Luis,Producto C,6.0,18.7630204412099
2019-06-27,Sofía,Producto B,76.0,73.57347971289965
2019-06-28,Elena,Producto C,57.0,41.10216272837317
2019-06-29,Diego,Producto B,36.0,10.628403569231331
2019-06-30,María,Producto C,79.0,46.31328721242996
2019-07-01,Elena,Producto C,92.0,31.127897955247416
2019-07-02,María,Producto A,57.0,83.69823434684244
2019-07-03,Carlos,Producto B,49.0,40.35975479611889
2019-07-04,Carlos,Producto A,45.0,84.47713245584353
2019-07-05,Ana,Producto A,82.0,10.053814495131578
2019-07-06,Pedro,Producto A,66.0,37.70372350235073
2019-07-07,Sofía,Producto B,77.0,31.704869287698575
2019-07-08,Juan,Producto B,45.0,31.021062496174988
2019-07-09,Ana,Producto C,79.0,16.136795778891642
2019-07-10,Laura,Producto A,20.0,26.841184336945155
2019-07-11,Juan,Producto C,64.0,59.99946128970579
2019-07-12,Luis,Producto A,93.0,36.222496555397
2019-07-13,Diego,Producto B,93.0,47.565530409623314
2019-07-14,Laura,Producto B,67.0,43.918019231246966
2019-07-15,Laura,Producto B,83.0,88.83144324999051
,,,,
2019-07-17,Pedro,Producto B,54.0,54.3661274490274
2019-07-18,Ana,Producto A,78.0,39.714035528404395
2019-07-19,Luis,Producto C,64.0,19.612063360212726
,,,,
2019-07-21,Elena,Producto C,59.0,15.420425041026771
2019-07-22,Pedro,Producto A,55.0,36.788524981145244
2019-07-23,Luis,Producto C,62.0,36.82595810530037
2019-07-24,Pedro,Producto B,4.0,38.83611575261934
2019-07-25,María,Producto C,60.0,24.785815894516837
2019-07-26,Elena,Producto B,75.0,80.48452878313275
2019-07-27,Laura,Producto B,95.0,21.02480757693903
2019-07-28,Sofía,Producto C,96.0,67.14159932378465
2019-07-29,Diego,Producto A,91.0,21.14614240352357
2019-07-30,Luis,Producto A,30.0,16.34820738336609
2019-07-31,Juan,Producto A,2.0,91.84865533172888
2019-08-01,Pedro,Producto A,62.0,27.11158896868351
2019-08-02,Diego,Producto A,49.0,83.91251391037339
2019-08-03,Juan,Producto B,9.0,59.01677839964222
,,,,
2019-08-05,Sofía,Producto B,31.0,95.99033722942607
2019-08-06,Juan,Producto B,98.0,32.22650502927033
2019-08-07,Ana,Producto B,61.0,87.36808108173459
2019-08-08,Carlos,Producto C,79.0,25.192900520610777
,,,,
2019-08-10,Elena,Producto B,25.0,11.190593161476459
2019-08-11,Carlos,Producto C,36.0,56.06024109125326
2019-08-12,Ana,Producto A,8.0,79.24983214794011
2019-08-13,Carlos,Producto A,73.0,94.1315965743505
2019-08-14,Carlos,Producto B,58.0,91.82819225858384
2019-08-15,Laura,Producto A,45.0,83.76623825928804
2019-08-16,Pedro,Producto B,62.0,89.93722146951737
2019-08-17,Pedro,Producto B,39.0,27.929771725336884
2019-08-18,Laura,Producto A,96.0,35.576586614055586
2019-08-19,Diego,Producto C,58.0,36.007167242895264
2019-08-20,María,Producto A,81.0,43.93485379015289
2019-08-21,Diego,Producto A,99.0,45.398860334666985
2019-08-22,Juan,Producto B,83.0,59.00997921892079
2019-08-23,Juan,Producto B,64.0,24.389178702979727
2019-08-24,Carlos,Producto B,44.0,72.21219974073904
2019-08-25,Ana,Producto B,29.0,25.080988537405585
2019-08-26,Ana,Producto C,59.0,37.92776338940928
2019-08-27,Pedro,Producto C,71.0,55.301061754553864
2019-08-28,Luis,Producto C,92.0,81.67965053711296
2019-08-29,Diego,Producto B,9.0,76.55223099148546
2019-08-30,Elena,Producto B,92.0,68.09809207694701
2019-08-31,Sofía,Producto B,6.0,24.019593452215314
,,,,
2019-09-02,Sofía,Producto B,58.0,17.87018516198969
2019-09-03,Carlos,Producto A,17.0,43.96268591169857
2019-09-04,Sofía,Producto A,16.0,47.216487726096325
2019-09-05,Elena,Producto B,87.0,13.583029550117844
2019-09-06,Laura,Producto A,95.0,34.658928952297465
2019-09-07,Elena,Producto A,3.0,96.00845205398404
2019-09-08,Sofía,Producto C,21.0,95.82693470467206
2019-09-09,Elena,Producto B,64.0,41.70943488272854
2019-09-10,María,Producto B,90.0,13.879009805349165
2019-09-11,Carlos,Producto C,36.0,26.118544539536337
2019-09-12,Diego,Producto A,86.0,45.299601409018614
2019-09-13,Laura,Producto A,62.0,95.30017281723067
2019-09-14,Ana,Producto B,42.0,22.70791571834664
2019-09-15,Juan,Producto A,76.0,78.7164259301391
2019-09-16,Diego,Producto C,42.0,19.781428543722285
2019-09-17,Juan,Producto C,61.0,98.31318196521491
2019-09-18,Carlos,Producto B,13.0,44.34548491982215
2019-09-19,Laura,Producto C,11.0,79.77110850091505
2019-09-20,Pedro,Producto C,54.0,40.833197453001866
2019-09-21,Ana,Producto B,16.0,66.49019894429279
2019-09-22,María,Producto C,8.0,27.281447626603306
2019-09-23,Pedro,Producto C,59.0,23.141891736726627
2019-09-24,Carlos,Producto C,57.0,94.42577256113182
,,,,
2019-09-26,María,Producto B,59.0,89.87220461915942
2019-09-27,Elena,Producto B,2.0,66.28901051499341
2019-09-28,Sofía,Producto B,94.0,82.74413900946504
2019-09-29,María,Producto A,94.0,16.21332432202374
2019-09-30,Carlos,Producto A,76.0,40.131013770161125
2019-10-01,Luis,Producto B,10.0,38.233281228144065
2019-10-02,Sofía,Producto A,44.0,67.20807897573519
2019-10-03,Juan,Producto B,11.0,42.03619961235765
2019-10-04,Ana,Producto A,79.0,23.365610347931273
2019-10-05,Juan,Producto C,80.0,63.682036787218934
2019-10-06,María,Producto C,81.0,83.29455286021734
2019-10-07,Juan,Producto B,90.0,44.39111450139759
2019-10-08,Carlos,Producto A,2.0,21.904184358863354
2019-10-09,Elena,Producto A,50.0,27.701937758154074
2019-10-10,Diego,Producto C,12.0,31.373497465244558
2019-10-11,Ana,Producto C,90.0,36.990783369508264
2019-10-12,Juan,Producto A,23.0,67.85155634556781
2019-10-13,Juan,Producto A,18.0,64.08509360839471
2019-10-14,María,Producto A,62.0,72.64718754103353
2019-10-15,Diego,Producto A,96.0,42.62517860783618
2019-10-16,Pedro,Producto A,62.0,84.15978866919805
2019-10-17,Juan,Producto A,38.0,28.367889504018425
2019-10-18,Carlos,Producto B,67.0,52.213667276633856
2019-10-19,Luis,Producto A,38.0,82.08448493872872
,,,,
2019-10-21,Juan,Producto B,94.0,19.887680236670466
,,,,
2019-10-23,Carlos,Producto C,1.0,40.86366964832763
2019-10-24,Ana,Producto B,94.0,71.54831124181288
2019-10-25,Pedro,Producto C,45.0,12.281374383754464
2019-10-26,Carlos,Producto A,96.0,72.10421995685047
2019-10-27,Luis,Producto A,28.0,38.44911803922734
2019-10-28,Carlos,Producto A,21.0,15.016676822869757
2019-10-29,Carlos,Producto A,13.0,64.88314853933053
2019-10-30,Carlos,Producto B,27.0,31.672343446585593
2019-10-31,Elena,Producto B,7.0,44.8126517846692
2019-11-01,Elena,Producto C,22.0,17.252273105786223
2019-11-02,Pedro,Producto A,74.0,23.24469259854508
2019-11-03,Juan,Producto C,53.0,36.817951194625934
2019-11-04,Carlos,Producto B,79.0,18.078355050414142
2019-11-05,Diego,Producto A,79.0,91.97436382176836
2019-11-06,Juan,Producto A,4.0,10.544233886558057
2019-11-07,Pedro,Producto B,96.0,53.54741969778803
2019-11-08,Laura,Producto B,23.0,21.09227123192963
2019-11-09,Juan,Producto B,70.0,37.69111805301537
2019-11-10,Juan,Producto B,88.0,93.3453603836439
2019-11-11,Sofía,Producto B,84.0,24.552509794658818
2019-11-12,María,Producto A,84.0,96.92490877464994
2019-11-13,Sofía,Producto B,76.0,28.521493929047953
2019-11-14,Luis,Producto A,33.0,76.74094976201467
2019-11-15,Elena,Producto A,28.0,59.200953840758054
2019-11-16,Elena,Producto B,8.0,89.60308548370833
2019-11-17,María,Producto B,1.0,59.85939299528179
2019-11-18,Ana,Producto A,37.0,58.11032972406778
2019-11-19,Ana,Producto B,63.0,27.59122003315599
2019-11-20,Pedro,Producto B,22.0,24.960642584649285
2019-11-21,María,Producto B,70.0,92.48402360039628
2019-11-22,Juan,Producto C,21.0,39.50543789650307
2019-11-23,Ana,Producto A,96.0,43.48740294666064
,,,,
2019-11-25,Diego,Producto B,79.0,40.49411341805266
2019-11-26,Juan,Producto C,5.0,95.68562019751025
2019-11-27,Luis,Producto B,60.0,76.41349920989202
2019-11-28,Carlos,Producto C,46.0,63.7686318316078
2019-11-29,Carlos,Producto B,50.0,89.28056444902772
,,,,
2019-12-01,Pedro,Producto C,6.0,33.13564229702879
2019-12-02,Luis,Producto C,89.0,51.853270079881895
2019-12-03,Ana,Producto A,56.0,30.42806855243689
2019-12-04,María,Producto C,59.0,76.95146685719368
2019-12-05,Ana,Producto A,29.0,92.72872279483526
2019-12-06,María,Producto B,71.0,48.1393107937831
2019-12-07,María,Producto C,77.0,40.79193401007055
2019-12-08,María,Producto B,18.0,96.53956589238096
2019-12-09,Pedro,Producto B,2.0,50.03671895447867
2019-12-10,María,Producto C,8.0,54.01435604043549
2019-12-11,Laura,Producto A,75.0,41.648488510771486
2019-12-12,Diego,Producto C,97.0,91.85936257109245
2019-12-13,Ana,Producto B,54.0,61.20599349536657
2019-12-14,Juan,Producto B,38.0,78.59571284634802
,,,,
2019-12-16,Luis,Producto A,27.0,40.766413772553236
2019-12-17,Elena,Producto A,20.0,49.03248981883421
2019-12-18,Pedro,Producto B,12.0,86.36245969656382
2019-12-19,Juan,Producto B,43.0,42.69298165082292
2019-12-20,Carlos,Producto A,61.0,81.45416201066662
2019-12-21,Laura,Producto C,31.0,94.68930903169934
2019-12-22,Elena,Producto B,91.0,66.08893357612062
2019-12-23,Sofía,Producto A,96.0,76.74645587067
2019-12-24,Juan,Producto B,61.0,82.45875808370214
2019-12-25,Elena,Producto C,74.0,86.05356840069783
2019-12-26,Juan,Producto A,67.0,45.554800407111635
2019-12-27,Laura,Producto B,91.0,14.613711325839835
2019-12-28,Sofía,Producto C,35.0,46.16886441130656
2019-12-29,Carlos,Producto B,95.0,70.63806068056809
2019-12-30,María,Producto C,15.0,50.53153472027135
2019-12-31,Ana,Producto C,16.0,77.40668357743587
2020-01-01,Carlos,Producto A,13.0,42.12841865217975
2020-01-02,María,Producto C,35.0,67.12697269936265
2020-01-03,Pedro,Producto B,75.0,26.777782436857713
2020-01-04,Diego,Producto C,59.0,77.44324929804613
2020-01-05,Luis,Producto C,21.0,59.112637193172326
2020-01-06,Luis,Producto A,54.0,28.365794969194052
2020-01-07,Ana,Producto C,75.0,36.27200561480265
2020-01-08,Sofía,Producto C,30.0,77.3747837723649
2020-01-09,Laura,Producto B,48.0,53.43411120953686
2020-01-10,Sofía,Producto A,35.0,29.442829635376498
,,,,
2020-01-12,Sofía,Producto A,38.0,74.36125178351992
2020-01-13,Diego,Producto C,31.0,96.14213492858165
2020-01-14,Pedro,Producto A,78.0,48.43945408243089
2020-01-15,Pedro,Producto C,24.0,52.759030662254844
2020-01-16,María,Producto C,49.0,90.81596945665173
2020-01-17,Elena,Producto B,96.0,57.254440622084616
2020-01-18,Pedro,Producto B,32.0,73.65510207151004
2020-01-19,Pedro,Producto B,55.0,32.6955589745977
,,,,
2020-01-21,Carlos,Producto B,58.0,21.11048792293196
2020-01-22,María,Producto C,99.0,28.53820322892655
2020-01-23,Elena,Producto C,3.0,10.084907374086798
2020-01-24,Ana,Producto A,80.0,13.533854648379421
2020-01-25,Carlos,Producto C,69.0,97.95554408592363
2020-01-26,Ana,Producto C,85.0,31.811832562308606
2020-01-27,Juan,Producto B,10.0,69.69796385536017
2020-01-28,Carlos,Producto C,83.0,85.51897289196503
2020-01-29,Diego,Producto B,25.0,59.559441331290785
2020-01-30,Elena,Producto A,68.0,23.783005007556056
2020-01-31,María,Producto A,61.0,75.53047936025497
2020-02-01,Juan,Producto C,29.0,64.02262690896248
2020-02-02,Elena,Producto A,19.0,75.81255304126375
2020-02-03,Diego,Producto C,43.0,79.27719605713784
2020-02-04,Elena,Producto A,66.0,97.78693309162706
2020-02-05,Diego,Producto B,74.0,61.6206952024039
2020-02-06,Diego,Producto B,61.0,40.747700142154166
2020-02-07,Ana,Producto B,43.0,68.36181012102134
2020-02-08,Sofía,Producto B,25.0,16.15966383183635
2020-02-09,Juan,Producto C,20.0,90.76575864894276
,,,,
2020-02-11,Laura,Producto C,83.0,39.505855409723644
2020-02-12,Juan,Producto B,87.0,83.41708425635088
2020-02-13,Sofía,Producto C,24.0,63.75811404976407
2020-02-14,Juan,Producto A,11.0,45.42719682496979
2020-02-15,Pedro,Producto C,98.0,52.60920934375193
2020-02-16,Laura,Producto A,55.0,86.90926538819623
2020-02-17,Sofía,Producto C,28.0,40.60039474539029
2020-02-18,Ana,Producto A,69.0,88.26847163309542
2020-02-19,Elena,Producto A,63.0,17.932098787902234
2020-02-20,Luis,Producto B,59.0,79.91185934877677
2020-02-21,Sofía,Producto A,5.0,86.27928697492626
2020-02-22,María,Producto B,51.0,26.36358875536049
2020-02-23,Elena,Producto B,21.0,48.73118791349804
2020-02-24,Sofía,Producto B,12.0,24.894979719729008
,,,,
2020-02-26,Luis,Producto C,4.0,58.1812991255491
2020-02-27,Pedro,Producto C,42.0,67.1791012037489
2020-02-28,Luis,Producto C,84.0,27.683827026059003
2020-02-29,María,Producto A,38.0,29.057127584717758
2020-03-01,Elena,Producto A,25.0,13.734759295891573
2020-03-02,Ana,Producto C,14.0,38.98607816761567
2020-03-03,Pedro,Producto A,75.0,60.37701952003074
2020-03-04,Pedro,Producto A,32.0,87.2141422597596
2020-03-05,Diego,Producto B,11.0,70.02347027128127
,,,,
2020-03-07,Carlos,Producto B,18.0,95.7808102954724
2020-03-08,Elena,Producto B,27.0,74.73206805182487
2020-03-09,Luis,Producto A,55.0,93.7148682576295
2020-03-10,Diego,Producto C,54.0,57.48291759449491
2020-03-11,Juan,Producto A,82.0,33.30138473138256
2020-03-12,Luis,Producto A,87.0,14.754401772824979
2020-03-13,Ana,Producto A,75.0,75.34763663354654
2020-03-14,Elena,Producto B,21.0,20.91726982049807
2020-03-15,Diego,Producto B,44.0,37.249761544477046
2020-03-16,Juan,Producto B,5.0,57.92238170955076
2020-03-17,Laura,Producto C,87.0,60.79749290017729
2020-03-18,Diego,Producto A,41.0,64.05248772884224
,,,,
2020-03-20,Elena,Producto B,89.0,44.17636643394839
2020-03-21,Pedro,Producto C,54.0,65.54748044052701
2020-03-22,Diego,Producto A,74.0,97.28369781704063
2020-03-23,María,Producto A,22.0,75.48680239297198
2020-03-24,Laura,Producto B,83.0,93.0343381384562
2020-03-25,Ana,Producto B,65.0,78.59908524827594
2020-03-26,María,Producto C,64.0,63.25452720031604
2020-03-27,Sofía,Producto B,71.0,27.282103222271008
2020-03-28,Sofía,Producto B,4.0,70.00170867032617
2020-03-29,Juan,Producto A,65.0,66.10416093639164
2020-03-30,Pedro,Producto B,15.0,64.22222534115397
2020-03-31,Elena,Producto B,76.0,54.080728118941664
2020-04-01,Diego,Producto A,22.0,57.579094359034805
2020-04-02,Carlos,Producto A,86.0,40.09982744062937
2020-04-03,Ana,Producto C,47.0,56.73814233780728
2020-04-04,Laura,Producto B,81.0,27.780031511063044
2020-04-05,Elena,Producto A,93.0,82.46569576243391
2020-04-06,María,Producto C,46.0,26.719925922883704
2020-04-07,Sofía,Producto C,14.0,17.646966090051976
2020-04-08,Ana,Producto B,50.0,49.26214237214416
2020-04-09,Carlos,Producto B,20.0,69.24766955554557
2020-04-10,Diego,Producto C,50.0,49.39451424401872
2020-04-11,Juan,Producto A,33.0,34.90787187561777
2020-04-12,Carlos,Producto C,59.0,60.235406550139665
2020-04-13,Ana,Producto B,43.0,41.230210187097995
2020-04-14,Carlos,Producto A,79.0,93.95809211139698
2020-04-15,Ana,Producto A,12.0,93.03806256432149
2020-04-16,Ana,Producto C,40.0,55.21346379748859
2020-04-17,Luis,Producto B,20.0,39.50955946164326
2020-04-18,Laura,Producto C,94.0,76.34191725609752
2020-04-19,Sofía,Producto C,38.0,13.304164913475997
2020-04-20,Luis,Producto C,3.0,52.72921054392861
2020-04-21,Diego,Producto A,28.0,40.26910548433002
2020-04-22,Luis,Producto A,56.0,92.84822965922992
2020-04-23,Pedro,Producto B,90.0,11.08027245454143
2020-04-24,Pedro,Producto B,94.0,59.753338814651414
2020-04-25,Sofía,Producto C,13.0,76.65972229599635
2020-04-26,Carlos,Producto C,77.0,53.65161887716371
,,,,
2020-04-28,Sofía,Producto B,37.0,97.5215251025112
2020-04-29,Ana,Producto A,49.0,56.62093882384881
2020-04-30,María,Producto A,66.0,65.27676198871103
2020-05-01,Laura,Producto C,36.0,31.29488044367566
2020-05-02,Laura,Producto C,54.0,53.514827659612344
2020-05-03,Ana,Producto C,26.0,48.623454276248964
2020-05-04,Ana,Producto C,75.0,16.740625780178537
2020-05-05,Juan,Producto B,72.0,19.55443181927205
2020-05-06,Sofía,Producto A,40.0,85.37252676568971
2020-05-07,Ana,Producto C,43.0,31.58379569859312
2020-05-08,Pedro,Producto B,22.0,27.546244434876748
2020-05-09,Diego,Producto C,20.0,55.44203061251253
2020-05-10,María,Producto C,8.0,79.18724182262616
2020-05-11,Sofía,Producto A,29.0,15.575186672108913
2020-05-12,Elena,Producto C,40.0,61.912712767443026
2020-05-13,Pedro,Producto A,90.0,20.728939855651603
2020-05-14,Carlos,Producto A,30.0,13.281494574305661
2020-05-15,Ana,Producto A,81.0,14.746955694599565
2020-05-16,Elena,Producto B,84.0,85.07476973875973
2020-05-17,Ana,Producto B,55.0,20.61752352652554
2020-05-18,Laura,Producto A,16.0,14.063622797106277
2020-05-19,Pedro,Producto C,46.0,49.41098984286211
2020-05-20,Laura,Producto A,62.0,85.95941247478223
2020-05-21,Juan,Producto C,7.0,33.61675388403717
2020-05-22,Laura,Producto A,80.0,47.95413557733247
2020-05-23,Juan,Producto C,45.0,13.593027930737609
2020-05-24,Juan,Producto B,59.0,50.417066272138825
2020-05-25,Elena,Producto C,56.0,61.98517725734203
2020-05-26,Ana,Producto A,48.0,61.38163483769303
2020-05-27,Carlos,Producto B,27.0,39.918402295692864
2020-05-28,Laura,Producto C,53.0,38.3979862596822
,,,,
2020-05-30,Juan,Producto C,88.0,43.01184885816416
2020-05-31,Ana,Producto C,73.0,18.95452019856682
2020-06-01,María,Producto C,35.0,78.99363502408464
2020-06-02,Sofía,Producto B,51.0,96.96468679733673
2020-06-03,Elena,Producto B,84.0,97.30670110000362
2020-06-04,Carlos,Producto B,37.0,87.85639894378545
2020-06-05,Luis,Producto B,81.0,64.07129344056571
2020-06-06,Elena,Producto A,95.0,73.07791275194919
2020-06-07,María,Producto B,57.0,35.66852224123727
2020-06-08,Sofía,Producto C,8.0,66.76933781553586
2020-06-09,María,Producto C,79.0,51.00845944958897
2020-06-10,Laura,Producto B,95.0,53.38156057992393
2020-06-11,Juan,Producto C,94.0,78.19989043376421
2020-06-12,Carlos,Producto B,20.0,35.37265200375265
,,,,
2020-06-14,Juan,Producto A,12.0,93.2177612015773
2020-06-15,Diego,Producto A,49.0,15.060186536587501
2020-06-16,Sofía,Producto B,17.0,53.707086857200636
2020-06-17,Ana,Producto B,64.0,92.15207203670755
2020-06-18,Luis,Producto B,42.0,64.93267070363413
2020-06-19,Pedro,Producto C,94.0,59.176636679091885
2020-06-20,Juan,Producto B,29.0,32.47697613064197
2020-06-21,Carlos,Producto A,19.0,40.89479401580034
2020-06-22,María,Producto C,11.0,86.68435742242237
2020-06-23,Carlos,Producto B,98.0,60.32963185916123
2020-06-24,Sofía,Producto C,50.0,56.32679743811019
2020-06-25,Diego,Producto C,71.0,18.962174218602605
2020-06-26,María,Producto B,58.0,11.442534080961082
2020-06-27,Pedro,Producto C,34.0,96.73166698183442
2020-06-28,Pedro,Producto A,20.0,43.92875505581575
2020-06-29,Juan,Producto A,50.0,64.28917558895539
2020-06-30,Sofía,Producto C,88.0,17.174356586855648
2020-07-01,Ana,Producto B,10.0,71.48028571507419
2020-07-02,Sofía,Producto C,32.0,93.93100378353648
2020-07-03,Diego,Producto A,52.0,61.80987276976777
,,,,
2020-07-05,Pedro,Producto C,84.0,62.3549374726129
2020-07-06,Carlos,Producto A,3.0,78.97124917941872
2020-07-07,Carlos,Producto C,37.0,46.57748829166168
2020-07-08,Carlos,Producto C,40.0,89.1853973147321
2020-07-09,Pedro,Producto B,72.0,68.38146580216281
2020-07-10,Elena,Producto B,40.0,90.93240264602822
2020-07-11,Laura,Producto A,56.0,66.11547801226035
2020-07-12,Diego,Producto A,23.0,21.81591748043418
2020-07-13,Elena,Producto A,11.0,37.87225399946702
,,,,
2020-07-15,María,Producto A,8.0,91.79438479451761
2020-07-16,Sofía,Producto A,93.0,78.43600605587343
2020-07-17,Sofía,Producto A,94.0,70.87585320190055
2020-07-18,Luis,Producto B,56.0,37.086968766845956
2020-07-19,Sofía,Producto C,60.0,26.564029484519217
2020-07-20,Pedro,Producto A,10.0,78.08059791900206
2020-07-21,Ana,Producto C,39.0,52.67421512911717
,,,,
2020-07-23,Luis,Producto C,49.0,65.49597803487475
2020-07-24,Juan,Producto B,36.0,13.630046692460677
2020-07-25,Diego,Producto B,13.0,39.35532287154282
2020-07-26,Juan,Producto A,96.0,52.17012951320212
2020-07-27,Juan,Producto C,36.0,23.316250069846525
2020-07-28,Luis,Producto B,26.0,98.61890298317556
2020-07-29,María,Producto A,86.0,28.818762813065284
2020-07-30,Carlos,Producto A,4.0,21.7317817038939
2020-07-31,Sofía,Producto B,95.0,28.318138649820675
2020-08-01,Sofía,Producto B,82.0,79.21550198437518
2020-08-02,Pedro,Producto A,64.0,48.295509334465855
2020-08-03,Luis,Producto C,38.0,60.88743457772842
2020-08-04,Pedro,Producto C,88.0,11.890824128772467
2020-08-05,Ana,Producto C,87.0,13.09881777159831
2020-08-06,Ana,Producto A,22.0,50.124299484431454
2020-08-07,Pedro,Producto B,2.0,83.49897188814612
2020-08-08,Luis,Producto A,31.0,89.67149908368087
2020-08-09,Pedro,Producto B,11.0,17.80359108360762
2020-08-10,Sofía,Producto C,92.0,58.45267918909205
2020-08-11,Elena,Producto C,46.0,92.19067176513434
2020-08-12,Laura,Producto B,96.0,44.917547895809776
2020-08-13,Juan,Producto B,62.0,84.66092482855318
2020-08-14,Laura,Producto A,69.0,22.03260889594926
2020-08-15,Luis,Producto C,64.0,94.18550407010189
,,,,
2020-08-17,Ana,Producto A,40.0,94.72009535082115
2020-08-18,Diego,Producto A,24.0,70.89555101972559
2020-08-19,Juan,Producto C,99.0,42.70635387994843
2020-08-20,Carlos,Producto A,44.0,94.43630552722502
2020-08-21,Luis,Producto A,60.0,34.80100986782607
2020-08-22,Juan,Producto A,62.0,39.89552698555593
2020-08-23,Laura,Producto A,87.0,73.07275762015664
2020-08-24,Ana,Producto A,17.0,78.87846695728476
2020-08-25,María,Producto A,65.0,93.64631354642384
2020-08-26,Elena,Producto C,95.0,28.432216815058855
2020-08-27,Carlos,Producto A,95.0,81.81982316973016
2020-08-28,Elena,Producto B,57.0,76.46914480572671
2020-08-29,Juan,Producto A,55.0,15.741510062823808
2020-08-30,Ana,Producto A,53.0,44.85008270891863
2020-08-31,Ana,Producto C,56.0,35.44889113540887
2020-09-01,Laura,Producto C,98.0,37.404138191862735
2020-09-02,Sofía,Producto B,9.0,98.46521915992308
2020-09-03,Laura,Producto B,22.0,67.84996721319351
2020-09-04,Sofía,Producto C,13.0,74.59085420141496
2020-09-05,Sofía,Producto C,89.0,97.89558735835082
2020-09-06,Carlos,Producto A,48.0,43.94816042118748
2020-09-07,Laura,Producto C,18.0,82.16561516075254
2020-09-08,María,Producto B,76.0,49.107786697404585
2020-09-09,Pedro,Producto A,40.0,88.25803046334818
2020-09-10,Pedro,Producto B,17.0,26.259178718017285
2020-09-11,Laura,Producto A,15.0,95.29175593578516
2020-09-12,Laura,Producto C,15.0,29.68945375697917
2020-09-13,Elena,Producto B,79.0,39.359845628283836
2020-09-14,Carlos,Producto A,63.0,78.05730106961025
2020-09-15,Laura,Producto A,39.0,45.437962740886604
,,,,
2020-09-17,Sofía,Producto C,81.0,50.01161509624856
2020-09-18,Ana,Producto C,32.0,76.81329433808037
2020-09-19,Ana,Producto B,9.0,30.549812713174976
2020-09-20,Sofía,Producto A,40.0,15.26121885131893
2020-09-21,Luis,Producto C,20.0,36.99364577257596
2020-09-22,Elena,Producto B,90.0,52.687779838158725
2020-09-23,Elena,Producto B,91.0,25.12180469734107
2020-09-24,Sofía,Producto B,85.0,41.93175606907498
2020-09-25,María,Producto C,82.0,45.998471646421166
2020-09-26,Diego,Producto C,77.0,15.165265931944619
2020-09-27,Juan,Producto A,80.0,62.49765233657841
2020-09-28,Sofía,Producto A,73.0,89.59090851741587
,,,,
2020-09-30,Laura,Producto B,76.0,63.80272120613626
2020-10-01,Carlos,Producto B,44.0,69.82652844197617
2020-10-02,Sofía,Producto B,38.0,47.74012123773595
2020-10-03,Carlos,Producto A,83.0,73.0987828627843
2020-10-04,Sofía,Producto B,60.0,46.96583891419108
2020-10-05,Elena,Producto A,71.0,55.41735591796914
2020-10-06,Juan,Producto A,99.0,10.661774009898428
2020-10-07,Elena,Producto B,48.0,72.254810272122
2020-10-08,Diego,Producto B,18.0,69.5208411050252
2020-10-09,Ana,Producto C,16.0,13.45607895937101
2020-10-10,Pedro,Producto C,55.0,43.14250966556198
2020-10-11,Sofía,Producto B,39.0,98.11286567125006
2020-10-12,Diego,Producto A,68.0,47.86629063117551
2020-10-13,Ana,Producto A,59.0,55.17508646186575
2020-10-14,Luis,Producto A,89.0,91.89371423437467
2020-10-15,Juan,Producto A,96.0,74.55356882791807
,,,,
2020-10-17,Carlos,Producto C,13.0,81.80242132069652
2020-10-18,Elena,Producto B,81.0,87.79296398103759
2020-10-19,Laura,Producto C,6.0,51.119926456354015
2020-10-20,Ana,Producto A,83.0,52.759752843865186
2020-10-21,Luis,Producto A,77.0,44.74458420866522
2020-10-22,Diego,Producto A,60.0,97.00355260166145
2020-10-23,Juan,Producto A,90.0,72.74496288613153
2020-10-24,Ana,Producto B,14.0,17.490075958726507
,,,,
2020-10-26,Pedro,Producto B,54.0,53.250394675264126
2020-10-27,Sofía,Producto A,4.0,16.18785157802387
2020-10-28,Carlos,Producto B,39.0,59.47455296469799
2020-10-29,Diego,Producto C,72.0,47.54478510781318
2020-10-30,Carlos,Producto A,25.0,88.99744643763624
2020-10-31,Diego,Producto B,77.0,28.359514324844863
2020-11-01,Elena,Producto C,32.0,84.38181485429647
2020-11-02,Laura,Producto A,59.0,60.191982206690746
2020-11-03,Diego,Producto A,63.0,14.914927289212214
2020-11-04,Carlos,Producto A,38.0,97.46607711929362
2020-11-05,Elena,Producto B,92.0,56.135371969287995
2020-11-06,Diego,Producto B,53.0,36.17891688084242
2020-11-07,Pedro,Producto C,94.0,52.24661577903323
2020-11-08,Laura,Producto B,67.0,87.207200516574
2020-11-09,Diego,Producto B,28.0,37.441281194655716
2020-11-10,Elena,Producto A,3.0,27.340875683803027
2020-11-11,Ana,Producto A,98.0,21.61641222377933
2020-11-12,María,Producto A,80.0,36.80734585511901
2020-11-13,Luis,Producto A,22.0,80.20432783360391
2020-11-14,María,Producto A,96.0,52.44637286757355
2020-11-15,María,Producto A,38.0,30.4733443324186
2020-11-16,Juan,Producto A,72.0,24.95664996487743
2020-11-17,Pedro,Producto C,72.0,39.94565288593412
2020-11-18,Ana,Producto C,62.0,94.5931935597138
,,,,
2020-11-20,Diego,Producto C,6.0,98.93116683591718
2020-11-21,Luis,Producto A,78.0,53.670741018882055
2020-11-22,Laura,Producto C,32.0,26.124752646113578
2020-11-23,Ana,Producto A,99.0,90.20260826141585
2020-11-24,Carlos,Producto C,10.0,51.43198358213442
2020-11-25,Sofía,Producto B,3.0,73.87042091540721
2020-11-26,Juan,Producto C,59.0,98.53404248882366
2020-11-27,Juan,Producto C,76.0,14.51578152879766
2020-11-28,Ana,Producto A,49.0,18.702510380881044
2020-11-29,Elena,Producto C,59.0,74.84110673164805
2020-11-30,María,Producto B,31.0,35.36425029659248
2020-12-01,Carlos,Producto A,93.0,26.587125725508916
2020-12-02,Juan,Producto A,69.0,13.542569183775655
2020-12-03,Luis,Producto C,62.0,11.966204078758162
2020-12-04,Juan,Producto A,52.0,79.70370428078118
2020-12-05,Laura,Producto A,89.0,22.0990084632595
2020-12-06,Diego,Producto A,41.0,52.09485543740358
2020-12-07,Juan,Producto A,31.0,64.53071336615346
2020-12-08,Laura,Producto A,85.0,48.55166205119616
2020-12-09,Ana,Producto A,84.0,12.439598710260979
,,,,
2020-12-11,Sofía,Producto C,4.0,10.946190208748813
2020-12-12,Juan,Producto B,13.0,78.57009049397357
2020-12-13,Luis,Producto A,45.0,90.39740444093104
,,,,
2020-12-15,Luis,Producto C,49.0,58.19882257880184
2020-12-16,Pedro,Producto B,20.0,52.92850533558884
2020-12-17,Sofía,Producto C,77.0,45.02877567610949
2020-12-18,Pedro,Producto B,81.0,89.86820818333243
2020-12-19,Juan,Producto A,54.0,90.45401596029915
,,,,
2020-12-21,Pedro,Producto C,97.0,65.35627786132281
2020-12-22,María,Producto A,1.0,93.42168059312777
,,,,
2020-12-24,Pedro,Producto B,77.0,55.80631363798428
2020-12-25,María,Producto B,17.0,50.75423247558941
2020-12-26,María,Producto B,24.0,35.08248843356732
2020-12-27,Ana,Producto B,58.0,96.2984685871369
2020-12-28,Juan,Producto A,72.0,22.853287402558063
2020-12-29,María,Producto C,91.0,62.18466184429525
2020-12-30,Ana,Producto B,23.0,35.429524076677495
2020-12-31,Pedro,Producto A,46.0,35.110746131301696
2021-01-01,Laura,Producto C,72.0,46.44717286385696
2021-01-02,Juan,Producto C,8.0,99.89136422340891
2021-01-03,Sofía,Producto A,59.0,14.946967615583986
2021-01-04,Luis,Producto A,90.0,62.06876363831783
2021-01-05,Luis,Producto B,59.0,17.431494223174944
2021-01-06,Pedro,Producto C,13.0,23.906874699146705
2021-01-07,Elena,Producto C,39.0,49.56066475956088
2021-01-08,Elena,Producto A,28.0,55.94141182117972
2021-01-09,Pedro,Producto C,89.0,33.29131675280716
2021-01-10,María,Producto B,61.0,38.481141778697456
2021-01-11,Juan,Producto C,16.0,17.827031823033977
2021-01-12,Luis,Producto A,2.0,37.28978054598255
2021-01-13,Luis,Producto A,82.0,96.99025954424897
2021-01-14,María,Producto B,17.0,95.02366435052335
2021-01-15,Luis,Producto B,30.0,40.13904611232865
2021-01-16,Sofía,Producto C,13.0,61.37685426508854
2021-01-17,Juan,Producto C,96.0,91.863585199985
2021-01-18,Diego,Producto A,93.0,10.5565440376807
2021-01-19,Luis,Producto B,94.0,82.96152133038326
2021-01-20,Pedro,Producto B,82.0,95.35325975100271
2021-01-21,Sofía,Producto B,13.0,18.219316090020136
2021-01-22,Luis,Producto C,43.0,24.530291742962895
2021-01-23,Sofía,Producto B,85.0,96.46716724942199
2021-01-24,Ana,Producto A,94.0,58.37861292763117
2021-01-25,Diego,Producto A,21.0,11.277697102455132
2021-01-26,Carlos,Producto C,55.0,33.18687988871763
2021-01-27,Pedro,Producto C,81.0,50.494930684197364
2021-01-28,Pedro,Producto B,40.0,72.36180199222909
2021-01-29,Juan,Producto C,83.0,75.98443403231197
2021-01-30,Sofía,Producto A,15.0,99.58793616329105
2021-01-31,María,Producto B,73.0,35.876007944538316
2021-02-01,Pedro,Producto A,52.0,58.439809168162775
2021-02-02,Sofía,Producto B,74.0,57.99911930736445
2021-02-03,Sofía,Producto C,95.0,46.50807335025137
2021-02-04,Laura,Producto B,53.0,25.224570445817818
2021-02-05,Laura,Producto B,87.0,97.97109068654584
2021-02-06,Carlos,Producto A,52.0,86.79854679999275
2021-02-07,Ana,Producto A,30.0,54.84997254648135
2021-02-08,Carlos,Producto B,33.0,64.29208804156269
2021-02-09,Luis,Producto C,57.0,30.453494820369606
2021-02-10,María,Producto C,52.0,58.940836335257224
2021-02-11,Luis,Producto A,9.0,72.54731198093282
2021-02-12,Elena,Producto C,54.0,56.36503255479299
2021-02-13,Luis,Producto A,1.0,99.12566535264472
2021-02-14,Juan,Producto C,44.0,65.02074906229535
2021-02-15,Luis,Producto B,99.0,43.387634133295215
2021-02-16,Carlos,Producto A,75.0,79.49368248542542
2021-02-17,Pedro,Producto A,98.0,25.341626042347784
2021-02-18,Pedro,Producto B,80.0,44.60642323356399
2021-02-19,Laura,Producto A,9.0,41.226305533982725
2021-02-20,María,Producto C,32.0,48.86263855969995
2021-02-21,María,Producto C,15.0,80.36018433358537
2021-02-22,Juan,Producto A,12.0,53.575572894706674
2021-02-23,Carlos,Producto C,97.0,81.46130052393664
2021-02-24,Laura,Producto A,78.0,61.88400128258793
2021-02-25,Elena,Producto B,57.0,40.786249119179985
2021-02-26,María,Producto A,8.0,82.89808693151252
2021-02-27,Pedro,Producto B,72.0,31.446070349778243
2021-02-28,Luis,Producto C,27.0,30.194468181981595
2021-03-01,Luis,Producto B,62.0,55.40526316493522
,,,,
2021-03-03,Carlos,Producto A,65.0,10.81783314560947
2021-03-04,Carlos,Producto C,42.0,68.34677745689214
2021-03-05,Ana,Producto A,62.0,55.99844393251582
2021-03-06,Diego,Producto A,11.0,50.09660330438451
2021-03-07,María,Producto B,43.0,97.02716631564839
2021-03-08,Carlos,Producto B,95.0,61.40792655666223
2021-03-09,Pedro,Producto B,17.0,87.7088420010446
2021-03-10,Laura,Producto B,97.0,22.550521258464414
,,,,
2021-03-12,Ana,Producto C,93.0,88.11816640578127
2021-03-13,Sofía,Producto C,85.0,62.47951815519082
2021-03-14,Juan,Producto A,85.0,74.62127603143014
2021-03-15,Elena,Producto C,40.0,43.483921103098666
2021-03-16,Sofía,Producto C,23.0,18.320456533335992
2021-03-17,Luis,Producto C,56.0,51.21102656143643
2021-03-18,Juan,Producto B,6.0,45.503145175497174
2021-03-19,María,Producto C,86.0,88.03541641410526
2021-03-20,Pedro,Producto A,50.0,31.9595772117225
2021-03-21,Juan,Producto B,37.0,97.00608047815973
2021-03-22,Diego,Producto A,64.0,96.23243078240465
2021-03-23,Sofía,Producto C,54.0,32.28684787642948
2021-03-24,María,Producto B,72.0,41.324675992958845
2021-03-25,Diego,Producto A,49.0,90.60001667864965
2021-03-26,Luis,Producto C,99.0,96.99599988064968
2021-03-27,Diego,Producto A,11.0,49.909519255243964
2021-03-28,Ana,Producto A,88.0,38.8897341076808
2021-03-29,Ana,Producto A,49.0,57.34846119263878
2021-03-30,Laura,Producto C,21.0,71.89922857291613
,,,,
2021-04-01,Elena,Producto A,63.0,76.28258571571655
2021-04-02,María,Producto B,83.0,14.649162140317692
2021-04-03,Luis,Producto B,28.0,14.436504348797481
2021-04-04,Carlos,Producto C,17.0,44.76589346309907
2021-04-05,Ana,Producto C,6.0,41.81258728546486
2021-04-06,María,Producto C,19.0,38.40698938304371
2021-04-07,Carlos,Producto C,56.0,54.1917786402019
2021-04-08,Elena,Producto C,28.0,38.86602240804141
2021-04-09,Laura,Producto B,66.0,27.303212662128274
2021-04-10,Diego,Producto C,38.0,37.85225941797408
2021-04-11,Ana,Producto A,37.0,97.74138455292115
2021-04-12,María,Producto A,68.0,47.000207529536375
2021-04-13,Juan,Producto B,86.0,50.02414991725022
2021-04-14,Carlos,Producto A,90.0,61.8890490956026
2021-04-15,Diego,Producto B,49.0,98.50066915728038
2021-04-16,Ana,Producto B,43.0,31.74411487921867
2021-04-17,Elena,Producto A,36.0,71.31538994791904
2021-04-18,Luis,Producto C,58.0,74.43862241875517
2021-04-19,Carlos,Producto A,13.0,64.65919751137594
2021-04-20,Elena,Producto A,52.0,17.972050567297966
2021-04-21,Ana,Producto B,58.0,70.91850482448189
2021-04-22,Carlos,Producto A,32.0,15.768523993255794
,,,,
2021-04-24,Ana,Producto C,60.0,76.56230594995684
2021-04-25,Sofía,Producto C,83.0,28.987290155795538
2021-04-26,María,Producto C,58.0,85.74598067884966
2021-04-27,Diego,Producto A,99.0,12.731842497970383
2021-04-28,Carlos,Producto B,56.0,85.94315772924755
2021-04-29,Luis,Producto C,28.0,51.42961455784886
2021-04-30,Elena,Producto B,1.0,29.582914593848002
2021-05-01,Juan,Producto B,42.0,22.040033049457122
2021-05-02,Elena,Producto C,82.0,95.79764508241352
2021-05-03,Carlos,Producto C,48.0,16.539902882304105
2021-05-04,Elena,Producto B,40.0,27.91840779423331
2021-05-05,María,Producto C,97.0,41.304011268974136
,,,,
2021-05-07,Juan,Producto B,76.0,59.032097674848856
2021-05-08,Pedro,Producto C,72.0,21.307914317108256
,,,,
2021-05-10,Laura,Producto C,80.0,31.487659397742167
2021-05-11,Pedro,Producto A,4.0,29.218856904130725
2021-05-12,Elena,Producto B,38.0,47.002990283198834
2021-05-13,Carlos,Producto B,27.0,73.36283073324913
,,,,
2021-05-15,Laura,Producto B,16.0,43.00109917326833
2021-05-16,Juan,Producto A,56.0,45.1825684157046
2021-05-17,Luis,Producto A,76.0,97.88108764918691
2021-05-18,Sofía,Producto B,31.0,95.9199721191162
,,,,
2021-05-20,Ana,Producto C,14.0,31.749302873726666
2021-05-21,María,Producto C,25.0,16.12335826825027
,,,,
2021-05-23,Sofía,Producto B,67.0,34.01150944904478
2021-05-24,Ana,Producto A,24.0,55.53332201317545
2021-05-25,Ana,Producto A,73.0,79.99551190610137
2021-05-26,Carlos,Producto A,26.0,87.24906449909722
2021-05-27,Sofía,Producto A,20.0,86.03776768694577
2021-05-28,Juan,Producto C,64.0,42.3708005100761
2021-05-29,Elena,Producto C,10.0,71.85109091146145
2021-05-30,Laura,Producto B,83.0,38.1550777771798
2021-05-31,Laura,Producto A,67.0,15.481498891166444
,,,,
2021-06-02,Pedro,Producto B,5.0,10.884479731280907
2021-06-03,Laura,Producto A,67.0,46.82643287126397
2021-06-04,Juan,Producto A,58.0,39.64413423718682
2021-06-05,María,Producto A,27.0,72.40397846669671
2021-06-06,Diego,Producto A,80.0,78.9620925484341
2021-06-07,Elena,Producto A,15.0,37.368517237415546
2021-06-08,María,Producto B,35.0,83.04643130003682
2021-06-09,Carlos,Producto A,76.0,36.45250844544404
2021-06-10,Diego,Producto B,53.0,50.16937239879051
2021-06-11,Diego,Producto A,44.0,75.43166743127206
2021-06-12,Sofía,Producto C,26.0,72.36282063023097
2021-06-13,Juan,Producto C,47.0,98.863162508098
,,,,
2021-06-15,Diego,Producto C,87.0,69.60861221856241
2021-06-16,Sofía,Producto B,95.0,64.87137174481997
2021-06-17,Elena,Producto B,50.0,92.3588609041027
2021-06-18,Diego,Producto A,84.0,24.072592748038755
2021-06-19,Luis,Producto C,12.0,77.66183472282397
,,,,
2021-06-21,Pedro,Producto A,4.0,34.71992828091149
2021-06-22,María,Producto A,87.0,52.69914227324567
2021-06-23,Carlos,Producto B,48.0,40.0398937362818
2021-06-24,Pedro,Producto C,55.0,62.13820625096148
2021-06-25,Ana,Producto A,1.0,90.01005497331992
2021-06-26,María,Producto C,89.0,61.23744859709818
2021-06-27,Pedro,Producto C,66.0,66.85501764939256
2021-06-28,Carlos,Producto C,30.0,56.68730624032385
2021-06-29,Juan,Producto A,3.0,14.604895580092832
2021-06-30,Juan,Producto C,21.0,30.95727011884848
2021-07-01,Elena,Producto A,89.0,54.28015564888745
2021-07-02,Diego,Producto C,84.0,37.92117553702343
2021-07-03,Luis,Producto A,49.0,26.35872379850748
2021-07-04,Juan,Producto C,86.0,55.37195577265945
2021-07-05,Sofía,Producto B,85.0,39.052881410306526
2021-07-06,Pedro,Producto C,62.0,33.229687885607326
,,,,
2021-07-08,Carlos,Producto A,38.0,21.995583227395585
2021-07-09,Juan,Producto A,15.0,93.49711597678666
2021-07-10,Luis,Producto C,52.0,88.09318881273151
2021-07-11,Carlos,Producto B,79.0,73.68585271664818
,,,,
2021-07-13,Ana,Producto A,25.0,79.82895290227238
2021-07-14,Sofía,Producto B,21.0,82.7161595298117
,,,,
2021-07-16,María,Producto A,5.0,20.256929840731704
2021-07-17,Diego,Producto C,70.0,67.95171613609882
2021-07-18,Elena,Producto A,47.0,85.08923161744588
2021-07-19,Diego,Producto A,87.0,61.961806109770095
2021-07-20,Elena,Producto A,68.0,68.17666377052801
2021-07-21,Elena,Producto A,91.0,51.252713148367555
2021-07-22,Luis,Producto B,18.0,57.58365878956474
2021-07-23,Juan,Producto C,21.0,13.09391725165527
2021-07-24,Luis,Producto C,92.0,67.50667197759562
2021-07-25,Elena,Producto C,99.0,17.33024916020433
2021-07-26,Carlos,Producto A,86.0,49.151313490620105
2021-07-27,Ana,Producto B,23.0,36.338958790066705
2021-07-28,Elena,Producto C,64.0,59.08851551905418
2021-07-29,Luis,Producto B,67.0,22.007470197088637
2021-07-30,Carlos,Producto A,40.0,72.24790617759864
2021-07-31,Luis,Producto C,10.0,81.55103832356234
2021-08-01,Diego,Producto B,89.0,24.701900476884084
2021-08-02,Pedro,Producto A,52.0,19.388177861669394
2021-08-03,Sofía,Producto B,72.0,23.096393450862323
2021-08-04,María,Producto C,75.0,88.94148057086515
2021-08-05,Luis,Producto C,61.0,57.53703355807205
2021-08-06,María,Producto A,64.0,52.05348964067523
2021-08-07,Laura,Producto A,5.0,19.604063719211887
2021-08-08,Luis,Producto A,53.0,68.46004060812656
2021-08-09,Pedro,Producto B,55.0,88.11996327055809
2021-08-10,María,Producto B,37.0,84.53672823911077
2021-08-11,Elena,Producto B,56.0,66.34492380827211
2021-08-12,Luis,Producto A,59.0,16.775084498650628
2021-08-13,Juan,Producto C,93.0,20.115732445841168
2021-08-14,Sofía,Producto C,69.0,14.437808839884221
2021-08-15,Pedro,Producto B,73.0,33.17312948432224
2021-08-16,María,Producto B,59.0,22.209532044434
2021-08-17,Pedro,Producto C,2.0,33.40432362271905
2021-08-18,Carlos,Producto C,65.0,44.65522501470655
2021-08-19,Sofía,Producto B,60.0,94.86845056640222
2021-08-20,Elena,Producto B,51.0,64.9338453803523
2021-08-21,Luis,Producto C,30.0,85.14764071146661
2021-08-22,Luis,Producto A,11.0,73.9316350641099
2021-08-23,Luis,Producto B,92.0,20.125281747396855
2021-08-24,Sofía,Producto C,76.0,76.23283657365539
2021-08-25,Juan,Producto C,39.0,34.7588993403212
2021-08-26,Laura,Producto C,90.0,67.51970622952356
2021-08-27,Ana,Producto C,77.0,40.68657762786897
2021-08-28,Diego,Producto A,72.0,99.79050369381933
2021-08-29,María,Producto C,63.0,33.71963315471
2021-08-30,Juan,Producto B,64.0,35.12174236968427
2021-08-31,Elena,Producto A,61.0,93.76050300061584
2021-09-01,María,Producto C,54.0,12.21799641726904
2021-09-02,Luis,Producto A,92.0,72.70200890858771
2021-09-03,Pedro,Producto B,94.0,75.27937516622903
2021-09-04,Elena,Producto C,73.0,85.27407196693594
2021-09-05,María,Producto B,95.0,97.69953795746278
2021-09-06,Luis,Producto C,58.0,97.80417272409872
2021-09-07,María,Producto C,85.0,15.87490818098175
2021-09-08,Pedro,Producto C,56.0,83.96553904776123
2021-09-09,Luis,Producto C,34.0,68.16789402916432
2021-09-10,Laura,Producto C,31.0,68.2607920935782
2021-09-11,Juan,Producto A,52.0,21.55149339532253
2021-09-12,Carlos,Producto C,89.0,68.5168449801088
2021-09-13,Diego,Producto C,76.0,98.4234322541123
2021-09-14,Sofía,Producto A,1.0,92.06367125855023
2021-09-15,Diego,Producto A,55.0,49.52175947243655
2021-09-16,Elena,Producto A,22.0,13.59531759574849
2021-09-17,Diego,Producto A,40.0,42.60641410001843
2021-09-18,Luis,Producto A,1.0,84.37512804404997
2021-09-19,Laura,Producto A,65.0,73.13491913186493
2021-09-20,Carlos,Producto C,63.0,51.340929003456075
2021-09-21,Juan,Producto C,54.0,14.9591381642948
,,,,
2021-09-23,Pedro,Producto C,21.0,52.212244574609514
2021-09-24,Sofía,Producto C,79.0,93.56999796047224
2021-09-25,María,Producto A,81.0,67.69774932239434
2021-09-26,Laura,Producto A,22.0,38.0487624989184
2021-09-27,María,Producto C,38.0,57.27864380056492
,,,,
2021-09-29,Diego,Producto A,80.0,97.53114120847631
2021-09-30,Juan,Producto C,8.0,42.40539117376534
2021-10-01,Carlos,Producto C,62.0,53.00806194218222
,,,,
2021-10-03,Juan,Producto B,17.0,71.42605571045802
2021-10-04,Diego,Producto A,17.0,69.60089424966338
2021-10-05,Sofía,Producto B,90.0,74.37900794762221
2021-10-06,Laura,Producto C,13.0,34.13289066507288
2021-10-07,Elena,Producto C,17.0,38.41016330476594
2021-10-08,Carlos,Producto B,38.0,21.272610798658715
,,,,
2021-10-10,Ana,Producto B,78.0,13.581741460208729
2021-10-11,Luis,Producto B,45.0,63.79141019711132
2021-10-12,Sofía,Producto A,6.0,88.27262963664705
2021-10-13,Sofía,Producto B,35.0,90.17489334606702
2021-10-14,María,Producto A,14.0,50.41339843329655
2021-10-15,Diego,Producto C,72.0,51.337331939176636
,,,,
2021-10-17,Laura,Producto A,15.0,70.36885228987322
2021-10-18,Laura,Producto B,54.0,83.91334783355609
2021-10-19,Sofía,Producto C,27.0,32.01895491442417
,,,,
2021-10-21,Ana,Producto C,31.0,85.49554030887433
2021-10-22,Carlos,Producto B,35.0,88.94084208960592
2021-10-23,Pedro,Producto B,60.0,31.886198223780333
2021-10-24,Elena,Producto A,6.0,59.55135710872278
2021-10-25,María,Producto C,69.0,27.324383557224436
2021-10-26,Diego,Producto B,86.0,19.169088772560087
2021-10-27,Elena,Producto C,58.0,92.00084512527619
2021-10-28,Diego,Producto C,49.0,83.84567538088983
2021-10-29,Juan,Producto A,23.0,78.40314116228565
2021-10-30,Elena,Producto A,89.0,14.388968693182637
2021-10-31,Pedro,Producto A,34.0,85.93559134392318
2021-11-01,Sofía,Producto A,26.0,49.423966831484535
2021-11-02,Ana,Producto C,47.0,40.81556109662736
2021-11-03,Carlos,Producto A,5.0,59.18287249228388
2021-11-04,Carlos,Producto A,90.0,18.221791845120023
2021-11-05,Ana,Producto A,20.0,78.09818944171589
2021-11-06,Luis,Producto A,6.0,62.41915691994663
2021-11-07,Juan,Producto C,70.0,26.793108718585078
2021-11-08,Diego,Producto A,59.0,26.940897979214103
2021-11-09,Pedro,Producto C,64.0,26.58237864154068
2021-11-10,Laura,Producto B,18.0,15.130214879674059
2021-11-11,Elena,Producto C,4.0,62.90186044345163
2021-11-12,Juan,Producto C,17.0,85.63133598296572
2021-11-13,Elena,Producto A,14.0,11.574839258864975
2021-11-14,Pedro,Producto B,78.0,14.41041804741462
2021-11-15,María,Producto B,13.0,61.54932490182512
2021-11-16,María,Producto B,7.0,83.75461168474472
2021-11-17,Juan,Producto B,44.0,39.40650015117703
2021-11-18,Sofía,Producto C,15.0,41.465295892694996
,,,,
2021-11-20,Pedro,Producto C,63.0,34.67916002117323
2021-11-21,Ana,Producto C,35.0,12.394752946991572
2021-11-22,Sofía,Producto C,81.0,76.17056662914365
2021-11-23,Diego,Producto B,35.0,66.30849216473078
2021-11-24,Diego,Producto A,19.0,62.26803991500932
2021-11-25,Laura,Producto A,20.0,76.75157160926408
2021-11-26,Carlos,Producto B,35.0,70.77077538058337
2021-11-27,María,Producto A,32.0,28.529378936048904
2021-11-28,Diego,Producto A,48.0,41.72329422490161
2021-11-29,Sofía,Producto C,44.0,21.34991275107625
2021-11-30,Pedro,Producto C,24.0,21.68713120760929
2021-12-01,Diego,Producto B,61.0,70.85761717208854
2021-12-02,Pedro,Producto B,17.0,87.27400962842484
2021-12-03,Diego,Producto A,71.0,96.64593254750251
2021-12-04,María,Producto C,50.0,66.55124057945
2021-12-05,Elena,Producto B,65.0,26.569119102486127
2021-12-06,Diego,Producto B,99.0,19.508531090403764
,,,,
2021-12-08,Diego,Producto B,36.0,62.08808287239994
2021-12-09,Carlos,Producto B,13.0,65.64565189123479
2021-12-10,María,Producto B,70.0,80.33158798792383
2021-12-11,Sofía,Producto A,58.0,73.29495049592065
2021-12-12,Ana,Producto C,14.0,85.1012427570487
2021-12-13,Sofía,Producto C,37.0,15.059251491389062
,,,,
2021-12-15,Elena,Producto C,68.0,86.5767481589886
2021-12-16,María,Producto C,40.0,35.752153821248285
2021-12-17,Ana,Producto C,59.0,67.64025465939275
2021-12-18,Carlos,Producto B,80.0,38.274585745327485
2021-12-19,Carlos,Producto B,92.0,96.21739598342086
2021-12-20,Juan,Producto C,16.0,13.008121519195338
2021-12-21,María,Producto C,62.0,62.18135594496595
2021-12-22,Sofía,Producto B,4.0,24.98531923445636
2021-12-23,Pedro,Producto A,45.0,74.09981846594428
2021-12-24,Elena,Producto C,90.0,25.83012550767959
2021-12-25,Pedro,Producto A,28.0,31.18449357085218
2021-12-26,Sofía,Producto C,96.0,54.493372994118225
2021-12-27,Sofía,Producto A,66.0,92.33514549971903
2021-12-28,María,Producto A,31.0,29.054293493317374
2021-12-29,Sofía,Producto A,3.0,22.981601900629315
2021-12-30,Juan,Producto B,8.0,78.30791486686276
,,,,
2022-01-01,Sofía,Producto A,15.0,92.06066011435942
2022-01-02,Pedro,Producto A,43.0,23.195310144385807
2022-01-03,Sofía,Producto C,31.0,68.13351037207354
2022-01-04,Juan,Producto A,73.0,30.959123153663352
2022-01-05,Diego,Producto C,45.0,24.108438578647537
2022-01-06,Diego,Producto A,66.0,71.50864736415434
2022-01-07,Carlos,Producto A,8.0,63.43161579178599
2022-01-08,Elena,Producto B,71.0,77.93447125260981
2022-01-09,Laura,Producto C,57.0,37.85163188015641
2022-01-10,Ana,Producto A,80.0,50.317449074397096
2022-01-11,Luis,Producto C,99.0,46.49245086973766
2022-01-12,Carlos,Producto C,30.0,98.56805175698628
2022-01-13,Elena,Producto B,74.0,36.30240610654491
2022-01-14,Diego,Producto B,18.0,36.53355145120902
2022-01-15,Pedro,Producto B,69.0,41.909338794574666
2022-01-16,Luis,Producto B,93.0,60.813467316128936
2022-01-17,Elena,Producto B,39.0,32.70904698373707
2022-01-18,Elena,Producto B,60.0,92.37609463413465
2022-01-19,Carlos,Producto B,98.0,33.911700837963714
,,,,
2022-01-21,María,Producto A,45.0,19.31275572819262
2022-01-22,Laura,Producto C,23.0,69.09064321596871
2022-01-23,María,Producto B,69.0,91.62869665944193
2022-01-24,Luis,Producto B,94.0,25.187449455840657
2022-01-25,María,Producto C,6.0,97.14942640893295
2022-01-26,Juan,Producto A,56.0,50.75950243739605
2022-01-27,Diego,Producto C,4.0,95.1143597596922
2022-01-28,Juan,Producto C,93.0,70.91380392670423
2022-01-29,Sofía,Producto B,23.0,37.14281828861964
2022-01-30,María,Producto C,6.0,26.947227242539576
2022-01-31,Sofía,Producto C,32.0,37.33615416025894
2022-02-01,Pedro,Producto B,18.0,18.37156683364075
,,,,
2022-02-03,Pedro,Producto B,40.0,19.4194396311833
2022-02-04,Luis,Producto B,96.0,48.0649189367402
2022-02-05,Elena,Producto C,73.0,81.60205386318277
2022-02-06,Diego,Producto C,74.0,22.724519879470616
,,,,
2022-02-08,Carlos,Producto A,6.0,67.90860545655977
2022-02-09,Ana,Producto C,63.0,27.746468377125964
2022-02-10,Laura,Producto A,67.0,18.784903429809244
2022-02-11,Laura,Producto C,11.0,25.016372038501988
2022-02-12,Laura,Producto A,43.0,93.13582562890986
2022-02-13,María,Producto B,17.0,83.93241274985718
2022-02-14,Laura,Producto A,96.0,41.865810611958466
2022-02-15,Juan,Producto B,4.0,69.02386905946535
2022-02-16,Ana,Producto B,63.0,58.354810630123424
2022-02-17,Juan,Producto B,68.0,70.94118371343075
2022-02-18,Elena,Producto B,81.0,71.44040372164834
2022-02-19,Ana,Producto A,41.0,66.58606135539937
2022-02-20,Juan,Producto C,83.0,33.94912316835777
2022-02-21,Ana,Producto B,5.0,13.51057786865363
2022-02-22,Elena,Producto A,32.0,51.00101037910979
2022-02-23,Sofía,Producto B,86.0,90.18764962216335
2022-02-24,María,Producto A,70.0,61.254753266671834
2022-02-25,María,Producto A,35.0,84.9151937531717
2022-02-26,Laura,Producto A,22.0,99.24619086651053
2022-02-27,Pedro,Producto C,65.0,24.725458372444862
2022-02-28,Laura,Producto A,84.0,72.2599875227784
2022-03-01,Luis,Producto A,22.0,70.68642163300223
2022-03-02,Juan,Producto C,11.0,98.19599026224506
2022-03-03,Ana,Producto C,77.0,98.70406605575204
2022-03-04,Pedro,Producto A,3.0,71.80107505517165
2022-03-05,Elena,Producto C,9.0,31.925331278397483
2022-03-06,Luis,Producto B,60.0,81.87002543175392
2022-03-07,Elena,Producto B,76.0,19.63262207899343
2022-03-08,María,Producto C,87.0,80.26293737544658
2022-03-09,María,Producto C,14.0,91.91765117302268
2022-03-10,Laura,Producto A,97.0,44.45500552915917
2022-03-11,Juan,Producto C,18.0,66.75717654847725
2022-03-12,Pedro,Producto A,73.0,48.71284588871437
2022-03-13,Diego,Producto B,23.0,49.39885494893156
2022-03-14,Luis,Producto C,74.0,37.933380019730805
2022-03-15,Luis,Producto A,83.0,78.59166584052922
2022-03-16,Laura,Producto A,47.0,94.25589077498546
2022-03-17,María,Producto B,69.0,94.6675773311015
2022-03-18,Laura,Producto C,47.0,25.730315638744045
2022-03-19,Ana,Producto B,87.0,88.72692846909095
2022-03-20,Pedro,Producto A,30.0,76.36882972844099
2022-03-21,Juan,Producto A,25.0,32.75536606212603
2022-03-22,Sofía,Producto C,28.0,16.05561516293631
2022-03-23,Carlos,Producto A,98.0,34.11975401959402
2022-03-24,Carlos,Producto C,25.0,92.0987413103373
2022-03-25,Laura,Producto B,74.0,66.98608074061951
2022-03-26,Ana,Producto C,78.0,74.89491948080847
2022-03-27,Pedro,Producto C,58.0,33.14371159981863
2022-03-28,Diego,Producto A,94.0,74.74493400173382
2022-03-29,Carlos,Producto A,41.0,12.530935565013138
2022-03-30,Pedro,Producto C,25.0,43.778921119571244
2022-03-31,Juan,Producto A,78.0,66.4078013688098
,,,,
2022-04-02,Ana,Producto A,48.0,84.07032170022413
2022-04-03,María,Producto C,98.0,31.15281689307268
2022-04-04,Pedro,Producto A,10.0,68.70530015366016
2022-04-05,Juan,Producto C,99.0,46.467742831779674
2022-04-06,Diego,Producto A,75.0,63.643923592988244
2022-04-07,Sofía,Producto B,11.0,19.670549736601732
2022-04-08,María,Producto A,85.0,11.522151992944659
2022-04-09,Sofía,Producto A,21.0,91.8607984642271
2022-04-10,Diego,Producto C,86.0,34.26670078904645
2022-04-11,Juan,Producto C,45.0,83.77093025024132
2022-04-12,Carlos,Producto A,7.0,99.94152704249802
2022-04-13,Sofía,Producto B,81.0,29.028813219902005
2022-04-14,María,Producto A,64.0,33.865366706502
2022-04-15,Laura,Producto A,64.0,69.65738088711991
2022-04-16,Luis,Producto B,2.0,96.89037711405591
2022-04-17,Pedro,Producto C,76.0,92.42329133716696
2022-04-18,Carlos,Producto A,42.0,55.25879680590264
2022-04-19,Sofía,Producto C,82.0,81.55992542740522
2022-04-20,Elena,Producto C,54.0,22.217126778991094
2022-04-21,Pedro,Producto B,75.0,97.96943657836111
2022-04-22,Laura,Producto B,16.0,96.79179106323879
2022-04-23,Diego,Producto C,18.0,24.735606209125386
2022-04-24,Luis,Producto A,99.0,36.94808123227959
2022-04-25,Juan,Producto C,59.0,19.013949775609024
2022-04-26,Laura,Producto A,90.0,34.45458390083617
2022-04-27,Laura,Producto A,16.0,83.4360210473686
2022-04-28,Diego,Producto B,6.0,44.04840464487335
2022-04-29,Ana,Producto A,57.0,17.955727043208256
2022-04-30,Diego,Producto A,47.0,40.80029723010141
2022-05-01,Ana,Producto C,48.0,98.32450008171521
2022-05-02,Ana,Producto B,42.0,66.67152357332827
2022-05-03,Carlos,Producto A,76.0,47.4544851765542
2022-05-04,Carlos,Producto A,60.0,24.9884662147543
2022-05-05,María,Producto B,77.0,98.75591175553254
2022-05-06,Sofía,Producto C,4.0,83.87641083368159
2022-05-07,Sofía,Producto B,2.0,35.33295722058274
2022-05-08,Juan,Producto B,90.0,16.30618261490705
2022-05-09,Sofía,Producto A,59.0,15.096300163980223
2022-05-10,Carlos,Producto A,27.0,20.834033455498044
2022-05-11,María,Producto C,27.0,62.26917252529795
2022-05-12,María,Producto A,79.0,93.58870790849431
2022-05-13,Ana,Producto A,72.0,54.706908520538605
2022-05-14,Diego,Producto B,7.0,85.86509342105775
2022-05-15,Juan,Producto A,63.0,50.129795787382704
2022-05-16,Ana,Producto C,46.0,73.77251911910427
2022-05-17,Diego,Producto B,63.0,75.86854635578507
2022-05-18,Sofía,Producto C,12.0,25.65673353130048
2022-05-19,Ana,Producto B,13.0,42.50944530782306
2022-05-20,Pedro,Producto A,43.0,67.35719408842215
2022-05-21,Sofía,Producto B,17.0,16.362694736592957
2022-05-22,Diego,Producto B,63.0,42.53861689866609
,,,,
2022-05-24,Diego,Producto A,36.0,99.66020437401748
2022-05-25,Ana,Producto C,85.0,52.70802063601967
,,,,
2022-05-27,Laura,Producto A,69.0,48.8860556559956
2022-05-28,Juan,Producto A,90.0,81.6751650357738
2022-05-29,Elena,Producto A,80.0,63.587332145809754
2022-05-30,Sofía,Producto B,36.0,89.79358973521585
2022-05-31,María,Producto B,28.0,46.98482971150989
2022-06-01,Juan,Producto B,93.0,64.3873977839331
2022-06-02,María,Producto A,47.0,66.70168125569447
2022-06-03,Juan,Producto C,76.0,47.5644647620426
2022-06-04,Juan,Producto A,30.0,22.988083931873337
2022-06-05,Diego,Producto B,23.0,18.420346622110202
2022-06-06,Juan,Producto B,16.0,11.500439553966979
2022-06-07,Laura,Producto A,14.0,88.61808378206932
2022-06-08,Elena,Producto A,74.0,31.28274210148251
,,,,
2022-06-10,Luis,Producto B,52.0,76.2431860383459
2022-06-11,María,Producto B,37.0,38.801450177865256
2022-06-12,Ana,Producto A,29.0,55.54402231706529
2022-06-13,Luis,Producto B,67.0,24.625995876771064
2022-06-14,Elena,Producto B,15.0,96.37711493157722
2022-06-15,Elena,Producto C,47.0,86.64232600155137
,,,,
2022-06-17,María,Producto C,52.0,46.60963737148047
2022-06-18,Elena,Producto C,19.0,78.61250923364555
2022-06-19,Luis,Producto B,77.0,22.948853985080213
2022-06-20,Juan,Producto A,21.0,10.775710233260225
2022-06-21,Sofía,Producto B,64.0,11.79756393202253
2022-06-22,Pedro,Producto A,37.0,62.79415636641044
2022-06-23,Ana,Producto C,27.0,50.98554147231467
2022-06-24,Diego,Producto A,55.0,56.621381401766776
2022-06-25,Ana,Producto B,29.0,10.671682637549747
2022-06-26,Diego,Producto B,20.0,48.04179576916832
,,,,
2022-06-28,Diego,Producto A,70.0,49.842433177069225
2022-06-29,María,Producto C,63.0,75.8997285681
2022-06-30,Sofía,Producto C,36.0,30.97170679571513
2022-07-01,Sofía,Producto A,2.0,83.1827804033553
2022-07-02,María,Producto B,22.0,62.95881164081071
2022-07-03,Laura,Producto C,96.0,28.96867894869156
2022-07-04,Luis,Producto B,16.0,31.304842826844965
2022-07-05,Laura,Producto A,18.0,66.52274181125833
2022-07-06,Laura,Producto B,69.0,84.6945633891199
2022-07-07,Ana,Producto C,54.0,47.40650038262397
2022-07-08,Elena,Producto C,30.0,33.2470386214833
2022-07-09,Ana,Producto B,45.0,88.03104462195404
2022-07-10,Elena,Producto A,19.0,70.23414625757513
2022-07-11,Pedro,Producto B,87.0,50.32769385547689
2022-07-12,Diego,Producto A,34.0,53.911017575137166
2022-07-13,Elena,Producto B,13.0,28.383082114275677
2022-07-14,María,Producto C,43.0,66.41223670583595
2022-07-15,Ana,Producto A,62.0,42.28682594885998
2022-07-16,Luis,Producto A,93.0,99.60806590069143
2022-07-17,Diego,Producto A,22.0,53.21651637356991
2022-07-18,Pedro,Producto C,52.0,53.72970455706518
2022-07-19,Elena,Producto B,52.0,60.92666086696047
2022-07-20,Pedro,Producto C,36.0,92.50804028068721
2022-07-21,Luis,Producto A,73.0,82.07362898737753
2022-07-22,Laura,Producto B,19.0,50.601706281805725
2022-07-23,Sofía,Producto C,38.0,74.68293393755164
2022-07-24,Luis,Producto A,70.0,62.76119489026855
2022-07-25,Carlos,Producto A,79.0,54.3130343831124
2022-07-26,Luis,Producto C,57.0,27.308419550591548
2022-07-27,Pedro,Producto C,20.0,51.75426371094018
2022-07-28,María,Producto C,9.0,32.123672832031716
2022-07-29,Ana,Producto A,32.0,92.33579348664892
2022-07-30,María,Producto C,4.0,40.186613214671226
2022-07-31,Pedro,Producto A,50.0,95.70376130800351
2022-08-01,Ana,Producto C,82.0,57.97497610852401
2022-08-02,Carlos,Producto A,5.0,66.83899408085443
2022-08-03,Sofía,Producto A,20.0,58.8646400040395
2022-08-04,Diego,Producto B,87.0,21.644255527003082
2022-08-05,Pedro,Producto C,75.0,43.82390971071469
2022-08-06,Elena,Producto C,37.0,18.923150104986156
2022-08-07,Pedro,Producto A,22.0,66.06586397650435
2022-08-08,Pedro,Producto A,58.0,50.2186775680395
2022-08-09,Ana,Producto A,68.0,80.01864744138432
2022-08-10,Juan,Producto B,93.0,29.842343289943287
2022-08-11,Luis,Producto B,44.0,24.810945258640142
2022-08-12,Juan,Producto A,34.0,46.569900786739105
2022-08-13,Carlos,Producto C,77.0,93.3926844896543
2022-08-14,Elena,Producto C,42.0,73.93796335111705
2022-08-15,Sofía,Producto B,9.0,47.70312623136268
2022-08-16,Laura,Producto B,95.0,56.55449527788795
2022-08-17,Carlos,Producto A,7.0,17.57917100593885
2022-08-18,Laura,Producto C,68.0,98.61183067385018
2022-08-19,Laura,Producto A,19.0,69.9766574225427
,,,,
2022-08-21,María,Producto C,31.0,62.72275547937199
2022-08-22,Juan,Producto C,35.0,19.85341294620946
2022-08-23,Pedro,Producto B,57.0,96.92530019268253
2022-08-24,Diego,Producto A,85.0,25.730648909502932
2022-08-25,Laura,Producto A,61.0,68.32272862496927
2022-08-26,Elena,Producto C,31.0,32.090901628503744
2022-08-27,Carlos,Producto B,83.0,74.58052443836822
2022-08-28,María,Producto C,95.0,79.91392305162529
2022-08-29,Laura,Producto B,53.0,70.60777560202894
2022-08-30,María,Producto A,32.0,65.30495142296732
2022-08-31,María,Producto B,66.0,90.32221845568105
2022-09-01,Laura,Producto A,59.0,17.076403989078223
2022-09-02,Ana,Producto B,10.0,39.782328920217566
2022-09-03,Luis,Producto C,2.0,32.34587316677614
2022-09-04,Elena,Producto A,66.0,98.92125658588795
2022-09-05,Pedro,Producto C,60.0,45.045080170018615
2022-09-06,Pedro,Producto C,88.0,75.93514293163588
2022-09-07,Elena,Producto A,17.0,71.62526474929041
2022-09-08,Ana,Producto A,96.0,29.087311372963995
2022-09-09,Pedro,Producto C,16.0,31.50979121903962
2022-09-10,María,Producto C,16.0,35.31561071977307
2022-09-11,Sofía,Producto C,46.0,47.00145504334413
2022-09-12,Carlos,Producto C,39.0,31.08925590854741
2022-09-13,Juan,Producto A,31.0,11.768633447216303
2022-09-14,Pedro,Producto A,88.0,89.1453751126476
2022-09-15,Elena,Producto C,1.0,96.90488482427956
2022-09-16,Sofía,Producto B,11.0,40.74133483284112
2022-09-17,Laura,Producto B,85.0,40.46561914829256
2022-09-18,Luis,Producto A,4.0,10.638263149693389
2022-09-19,Elena,Producto C,71.0,71.22256194973366
2022-09-20,María,Producto C,26.0,84.28959061737659
2022-09-21,Luis,Producto A,50.0,23.194747032400286
2022-09-22,Carlos,Producto B,12.0,24.369971443043568
2022-09-23,Carlos,Producto B,95.0,81.10749249742939
2022-09-24,Ana,Producto B,81.0,65.46616735187303
2022-09-25,Diego,Producto A,97.0,14.037450186494532
2022-09-26,Ana,Producto B,75.0,66.02922914160536
2022-09-27,Sofía,Producto A,92.0,37.802595055938944
2022-09-28,Luis,Producto A,96.0,43.185263992376136
2022-09-29,Diego,Producto C,65.0,79.27582764671922
2022-09-30,Laura,Producto B,47.0,82.98416734053495
2022-10-01,María,Producto A,92.0,46.03209641558476
2022-10-02,Luis,Producto B,53.0,95.24376424057193
2022-10-03,Ana,Producto B,71.0,46.5816446156865
2022-10-04,Juan,Producto C,2.0,79.4652431707099
2022-10-05,Diego,Producto B,24.0,53.54895381078332
2022-10-06,Diego,Producto C,4.0,90.77790938698756
2022-10-07,María,Producto A,19.0,91.69851192851608
2022-10-08,Pedro,Producto B,26.0,17.86751270839755
2022-10-09,Carlos,Producto A,75.0,94.28439981792032
2022-10-10,Carlos,Producto B,40.0,84.29813573683741
2022-10-11,Juan,Producto A,50.0,81.21796428814002
2022-10-12,Sofía,Producto B,43.0,28.08202057169702
2022-10-13,Sofía,Producto B,75.0,82.46072878791985
2022-10-14,Laura,Producto B,67.0,86.51194612165331
2022-10-15,Luis,Producto B,12.0,36.023530100873586
2022-10-16,Elena,Producto B,67.0,95.70340705260914
2022-10-17,Pedro,Producto B,27.0,14.487413175924782
2022-10-18,Ana,Producto B,54.0,23.49183279224257
2022-10-19,Elena,Producto B,66.0,58.382302424636286
2022-10-20,Elena,Producto B,49.0,61.82132240100787
2022-10-21,Diego,Producto A,16.0,68.0635074970813
2022-10-22,Juan,Producto C,2.0,11.527221638391982
2022-10-23,Carlos,Producto B,60.0,96.43300971599173
2022-10-24,Laura,Producto C,54.0,14.01292834607296
2022-10-25,Sofía,Producto B,30.0,22.875575745106214
2022-10-26,Juan,Producto B,84.0,11.261306577345128
2022-10-27,Diego,Producto A,38.0,61.01725899646852
2022-10-28,Ana,Producto A,28.0,93.9040195528875
2022-10-29,Laura,Producto C,25.0,69.93524494724178
2022-10-30,Diego,Producto A,96.0,84.03917216323846
2022-10-31,Carlos,Producto A,10.0,11.195308311272207
2022-11-01,Carlos,Producto C,60.0,58.781376863175346
2022-11-02,Carlos,Producto A,42.0,51.360667975496966
2022-11-03,Juan,Producto B,40.0,54.90711497987137
2022-11-04,Juan,Producto C,97.0,16.499186680166915
2022-11-05,Sofía,Producto C,77.0,71.59918249623767
2022-11-06,Sofía,Producto B,42.0,55.2898373372771
2022-11-07,Ana,Producto A,47.0,78.86339648751375
2022-11-08,Laura,Producto C,37.0,53.676157065554385
2022-11-09,María,Producto C,80.0,23.444347260378887
2022-11-10,María,Producto B,22.0,68.34312586700398
2022-11-11,Diego,Producto B,57.0,25.51477258946496
2022-11-12,Carlos,Producto A,84.0,88.51551070193334
2022-11-13,Laura,Producto C,27.0,65.18046151623173
2022-11-14,Elena,Producto A,41.0,24.148349520125883
2022-11-15,Juan,Producto A,80.0,96.61042517330861
2022-11-16,Luis,Producto B,34.0,56.652891700178856
2022-11-17,Pedro,Producto C,32.0,16.56086066844895
2022-11-18,Ana,Producto C,90.0,66.41496139735605
2022-11-19,Carlos,Producto C,89.0,32.78790163115292
2022-11-20,Carlos,Producto B,66.0,82.33241066895722
2022-11-21,Carlos,Producto B,12.0,83.60398662095716
2022-11-22,Juan,Producto B,40.0,98.10526202691956
2022-11-23,Juan,Producto B,73.0,55.16825779220533
2022-11-24,Pedro,Producto B,76.0,50.94611917549634
2022-11-25,Elena,Producto C,90.0,77.81280449018325
2022-11-26,Laura,Producto A,73.0,21.92235907077339
2022-11-27,Carlos,Producto C,10.0,59.222396241381176
2022-11-28,María,Producto A,96.0,59.162284011776585
2022-11-29,Sofía,Producto B,98.0,18.052581052934848
2022-11-30,María,Producto A,48.0,47.61856769562222
2022-12-01,Diego,Producto C,20.0,86.79563187104817
2022-12-02,María,Producto C,39.0,87.05382597951943
2022-12-03,Diego,Producto A,60.0,18.93138984277129
2022-12-04,Luis,Producto B,66.0,18.164879447304777
2022-12-05,Sofía,Producto B,65.0,33.642592930174175
2022-12-06,María,Producto C,51.0,88.72894562985941
2022-12-07,Luis,Producto A,36.0,21.601232656614904
2022-12-08,Ana,Producto B,24.0,74.79971223647016
2022-12-09,Laura,Producto B,27.0,19.10490576517929
2022-12-10,Luis,Producto C,2.0,66.08240683730429
2022-12-11,Laura,Producto B,31.0,42.04605692072303
2022-12-12,María,Producto A,57.0,81.00225666692803
2022-12-13,Elena,Producto C,78.0,31.032140394282724
2022-12-14,Luis,Producto C,66.0,67.52816464509638
2022-12-15,Sofía,Producto A,29.0,31.211428111829644
,,,,
2022-12-17,Carlos,Producto B,12.0,88.6310231104674
2022-12-18,Juan,Producto B,28.0,21.412161921408405
2022-12-19,Luis,Producto A,84.0,87.99361197359532
2022-12-20,Sofía,Producto B,24.0,63.421772897286814
2022-12-21,Ana,Producto A,21.0,21.439944178032157
2022-12-22,Carlos,Producto A,10.0,48.47876698237408
2022-12-23,Ana,Producto B,78.0,24.47742641365881
2022-12-24,María,Producto A,18.0,73.03130999799126
2022-12-25,Juan,Producto B,88.0,78.29813209761546
,,,,
2022-12-27,Luis,Producto C,34.0,55.55258674251799
2022-12-28,Elena,Producto A,58.0,83.31625504233254
2022-12-29,Elena,Producto B,76.0,94.25467373958969
2022-12-30,María,Producto B,22.0,56.2166080067593
2022-12-31,María,Producto C,70.0,95.52513012502664
2023-01-01,Juan,Producto C,36.0,58.212007341042685
2023-01-02,Elena,Producto B,45.0,45.47714451399172
2023-01-03,Sofía,Producto A,36.0,86.3382815697606
2023-01-04,Sofía,Producto C,22.0,54.368443941228016
2023-01-05,Juan,Producto A,78.0,52.471225950807074
2023-01-06,Sofía,Producto A,80.0,54.128124046884544
2023-01-07,Diego,Producto C,61.0,86.21065016827708
2023-01-08,Laura,Producto A,56.0,84.8747387519247
2023-01-09,Juan,Producto A,89.0,46.31679931961901
2023-01-10,Juan,Producto B,96.0,39.99698738834725
2023-01-11,Pedro,Producto A,33.0,54.27352216352163
2023-01-12,Carlos,Producto B,45.0,61.549525876339814
2023-01-13,Carlos,Producto C,36.0,31.450348956519726
2023-01-14,Diego,Producto C,20.0,81.45595762440315
2023-01-15,Elena,Producto B,18.0,53.78344891591806
,,,,
2023-01-17,María,Producto A,67.0,19.613889366759153
2023-01-18,Ana,Producto A,23.0,31.496064436324623
2023-01-19,Diego,Producto A,96.0,95.43530545803853
2023-01-20,Juan,Producto C,16.0,37.458971813757394
2023-01-21,Diego,Producto A,59.0,25.19733604303318
2023-01-22,Diego,Producto C,69.0,51.460551248949386
2023-01-23,Diego,Producto A,68.0,37.63789690242238
2023-01-24,Carlos,Producto B,21.0,13.164332524407474
2023-01-25,Diego,Producto C,78.0,39.08306955514755
,,,,
2023-01-27,María,Producto A,78.0,59.654113481797026
,,,,
2023-01-29,Laura,Producto C,12.0,50.25724806273406
2023-01-30,Ana,Producto B,16.0,96.89661264112898
2023-01-31,Pedro,Producto B,81.0,43.961362950728045
2023-02-01,Ana,Producto A,87.0,33.24041319339847
2023-02-02,María,Producto B,14.0,31.912033966008412
2023-02-03,María,Producto A,61.0,51.19881514337207
2023-02-04,Diego,Producto A,71.0,78.35681338452497
2023-02-05,Luis,Producto A,46.0,28.538936576962588
2023-02-06,Pedro,Producto C,32.0,73.83665144266912
2023-02-07,Juan,Producto B,15.0,11.903484101447466
2023-02-08,Sofía,Producto A,44.0,47.703968018555145
2023-02-09,Ana,Producto B,17.0,79.82785586825082
2023-02-10,Luis,Producto A,41.0,40.48596601969883
2023-02-11,Diego,Producto B,54.0,60.73633913008595
2023-02-12,Carlos,Producto B,44.0,28.448130954331972
2023-02-13,Juan,Producto A,98.0,76.7795852013555
2023-02-14,Elena,Producto C,5.0,14.705119294188366
2023-02-15,Luis,Producto B,27.0,86.72883803879503
2023-02-16,Carlos,Producto C,87.0,27.837674777950134
2023-02-17,Pedro,Producto C,78.0,88.69582285374976
2023-02-18,Diego,Producto A,79.0,41.72763171704656
2023-02-19,Juan,Producto A,43.0,75.04152170270379
2023-02-20,Juan,Producto A,97.0,38.73027680075696
2023-02-21,Juan,Producto B,31.0,91.53205041111828
2023-02-22,Pedro,Producto A,99.0,21.397341296653693
2023-02-23,Ana,Producto A,17.0,26.066781034533882
2023-02-24,Elena,Producto B,92.0,54.37271126429221
2023-02-25,Pedro,Producto B,83.0,17.374459513433152
2023-02-26,Sofía,Producto A,54.0,27.638216623158574
2023-02-27,Elena,Producto A,62.0,94.93897439908129
2023-02-28,María,Producto A,87.0,97.88406950330985
2023-03-01,Diego,Producto A,32.0,43.86333963973797
2023-03-02,Pedro,Producto C,40.0,93.0957418912542
2023-03-03,Carlos,Producto C,13.0,59.03422081060886
2023-03-04,Elena,Producto A,84.0,34.27682192863904
2023-03-05,Sofía,Producto C,35.0,73.21588489725389
2023-03-06,María,Producto B,5.0,69.30116259173715
2023-03-07,Ana,Producto C,73.0,99.021278719786
2023-03-08,Carlos,Producto C,29.0,33.8542558668355
2023-03-09,Elena,Producto A,70.0,70.48535523955618
2023-03-10,Diego,Producto C,25.0,14.682137952650221
2023-03-11,Carlos,Producto C,95.0,20.228143482704745
2023-03-12,María,Producto C,22.0,10.352653745598394
2023-03-13,Carlos,Producto C,66.0,99.95146129537058
2023-03-14,Laura,Producto B,45.0,82.204632743273
2023-03-15,Luis,Producto A,69.0,80.80507132601868
2023-03-16,Ana,Producto A,91.0,55.87534677593617
2023-03-17,María,Producto B,89.0,37.0060374614896
2023-03-18,Carlos,Producto C,72.0,23.613785601640835
2023-03-19,Luis,Producto B,1.0,35.62072649618173
2023-03-20,Luis,Producto C,84.0,43.83740997362252
2023-03-21,Carlos,Producto B,44.0,78.06790872822647
2023-03-22,Diego,Producto A,87.0,58.56956100128372
2023-03-23,Laura,Producto A,96.0,16.97352638999344
2023-03-24,Pedro,Producto A,75.0,11.622610806302102
2023-03-25,Laura,Producto C,39.0,19.209896158065682
2023-03-26,Carlos,Producto C,54.0,46.94488423276414
2023-03-27,Ana,Producto B,88.0,93.98736253441164
2023-03-28,Pedro,Producto B,75.0,67.36622330882994
2023-03-29,María,Producto A,29.0,82.16433098879637
2023-03-30,Laura,Producto C,54.0,51.97371350540937
2023-03-31,Carlos,Producto B,90.0,42.54994748755385
,,,,
2023-04-02,Pedro,Producto C,99.0,88.83397199675845
2023-04-03,Sofía,Producto A,20.0,80.48440261251126
2023-04-04,Elena,Producto A,46.0,25.13062878379526
2023-04-05,Laura,Producto C,67.0,56.103450748863445
2023-04-06,María,Producto C,65.0,53.86373271291204
2023-04-07,María,Producto C,58.0,66.25823974178758
,,,,
2023-04-09,Laura,Producto A,1.0,62.179429758623165
2023-04-10,Elena,Producto B,81.0,58.619554010075674
2023-04-11,Diego,Producto A,66.0,14.529063964119755
2023-04-12,Luis,Producto B,29.0,15.661672841622154
2023-04-13,Elena,Producto C,84.0,26.861211219411
2023-04-14,Luis,Producto B,70.0,12.922369452257346
2023-04-15,Luis,Producto A,8.0,76.90176060130112
2023-04-16,Sofía,Producto A,29.0,75.09972735945668
2023-04-17,Juan,Producto C,51.0,22.245061098847863
2023-04-18,Elena,Producto A,33.0,85.24710107157529
2023-04-19,Elena,Producto C,3.0,23.930743136150078
2023-04-20,Sofía,Producto A,60.0,37.1058028297623
2023-04-21,Laura,Producto A,35.0,32.407920924522855
2023-04-22,Laura,Producto C,69.0,43.5076388715743
2023-04-23,Laura,Producto B,91.0,32.91973893009657
2023-04-24,Ana,Producto A,76.0,54.00558337946069
2023-04-25,Luis,Producto B,84.0,46.66670932192169
2023-04-26,Ana,Producto A,20.0,98.79125417013938
2023-04-27,Juan,Producto A,73.0,15.03337151154031
2023-04-28,Sofía,Producto A,39.0,22.796323874861645
2023-04-29,Elena,Producto A,4.0,14.754330451774223
2023-04-30,Luis,Producto B,19.0,66.32570754841382
2023-05-01,Ana,Producto B,91.0,14.905834967234762
2023-05-02,Ana,Producto A,45.0,85.27957636385109
2023-05-03,Carlos,Producto A,43.0,56.074476761373504
2023-05-04,Ana,Producto B,13.0,57.43068621233803
2023-05-05,Diego,Producto C,13.0,60.543505694097476
2023-05-06,Elena,Producto C,60.0,25.373233567558966
2023-05-07,Diego,Producto B,57.0,27.79212728030388
2023-05-08,Elena,Producto A,86.0,38.69355905857042
2023-05-09,Sofía,Producto A,92.0,63.41467742396663
2023-05-10,Elena,Producto C,52.0,28.91059983461931
2023-05-11,Diego,Producto C,53.0,20.46985544199351
2023-05-12,Elena,Producto B,86.0,97.3105197776589
2023-05-13,Sofía,Producto C,43.0,11.978363332866062
2023-05-14,Sofía,Producto B,83.0,82.24276648024194
2023-05-15,Juan,Producto C,72.0,80.92316346175198
2023-05-16,Elena,Producto C,72.0,36.74927024605864
2023-05-17,Carlos,Producto C,42.0,22.206395440658206
2023-05-18,Laura,Producto A,90.0,23.106578203488105
2023-05-19,María,Producto A,26.0,72.76884555134733
2023-05-20,Sofía,Producto A,23.0,67.85259319775562
2023-05-21,Pedro,Producto C,43.0,80.44711068262481
2023-05-22,Laura,Producto B,77.0,94.37330551591943
2023-05-23,Luis,Producto B,28.0,72.27346269399328
2023-05-24,Elena,Producto B,9.0,24.02663828962991
2023-05-25,Diego,Producto B,20.0,31.90983550888696
2023-05-26,María,Producto A,56.0,85.79743577858031
2023-05-27,Pedro,Producto A,83.0,28.83754682507877
2023-05-28,Laura,Producto C,39.0,16.527008525903327
2023-05-29,Elena,Producto C,51.0,73.29520486380254
2023-05-30,Juan,Producto B,12.0,46.22737199411279
2023-05-31,Luis,Producto A,79.0,92.80360472913132
2023-06-01,María,Producto B,95.0,68.52295639842953
2023-06-02,Carlos,Producto C,55.0,18.137708001249468
2023-06-03,Juan,Producto C,78.0,95.30709105282946
2023-06-04,Pedro,Producto B,11.0,33.27015372762213
2023-06-05,María,Producto C,26.0,40.34912413656572
2023-06-06,Juan,Producto B,42.0,46.203437231518784
,,,,
2023-06-08,Carlos,Producto B,11.0,54.686388000754434
,,,,
2023-06-10,Ana,Producto A,98.0,46.087329401951656
2023-06-11,Carlos,Producto C,43.0,41.563880919287584
2023-06-12,Pedro,Producto C,19.0,79.55560750838531
2023-06-13,Luis,Producto C,64.0,82.2853460469458
2023-06-14,Elena,Producto B,6.0,23.80715941501792
2023-06-15,Diego,Producto B,46.0,42.98960686413036
2023-06-16,Diego,Producto C,42.0,43.60178449286485
2023-06-17,Diego,Producto B,92.0,23.626939954247653
2023-06-18,María,Producto C,65.0,81.86081545460715
2023-06-19,Pedro,Producto B,99.0,73.65054955018809
2023-06-20,Luis,Producto A,72.0,27.134360766733124
2023-06-21,Carlos,Producto A,59.0,43.004971773441916
2023-06-22,María,Producto C,52.0,19.522452237086277
2023-06-23,Pedro,Producto B,47.0,66.53859373837395
